filename,class,x_center,y_center,width,height
00000000_jpg.rf.1f17fcacba5db27739c2b1a2dd947fd3.txt,3,0.55390625,0.49375,0.34140625,0.7875
00000000_jpg.rf.7be6a0b25f6c29b2fddcbc7b5dea2d1c.txt,1,0.53125,0.57265625,0.52890625,0.64609375
00000001_jpg.rf.89bbdf84c5087c8aafe8891120a9616f.txt,3,0.47578125,0.515625,0.61015625,0.8671875
00000001_jpg.rf.e21285169f5c5e4453134696e28e23a7.txt,0,0.5,0.578125,0.71875,0.678125
00000002_jpg.rf.155802bda6ff0598f51a5dc177d423c9.txt,1,0.4484375,0.52734375,0.565625,0.75390625
00000003_jpg.rf.20c5e7c1b297369f5b21446fa6d8ef23.txt,3,0.5359375,0.48125,0.284375,0.8875
00000003_jpg.rf.8f0b200a3ce91fb7ed240f55412ea864.txt,1,0.47734375,0.58359375,0.5125,0.59140625
00000004_jpg.rf.5f6eee62712d8cc9868ff6bd4fd39392.txt,1,0.4796875,0.48828125,0.534375,0.8734375
00000004_jpg.rf.83e25d898757428cc339626ca130fece.txt,0,0.446875,0.49140625,0.85625,0.928125
00000005_jpg.rf.12fde28dfa5896b52fe19ddaafc7ca16.txt,3,0.459375,0.48359375,0.56875,0.85
00000005_jpg.rf.e0f8ed649be020f2cc9193251a8ead13.txt,1,0.528125,0.5,0.4375,0.78671875
00000006_jpg.rf.206e90242128f0a6f351f8d0d7770d87.txt,3,0.53125,0.51640625,0.5625,0.84140625
00000006_jpg.rf.d7dd418c0f1e22637fdd62cf52087125.txt,1,0.49140625,0.46640625,0.89296875,0.89140625
00000007_jpg.rf.9e225f28dd52d4e16b36528c6e04313e.txt,0,0.4671875,0.49765625,0.684375,0.61953125
00000008_jpg.rf.7151adce47ce31225913ec0db6becaeb.txt,0,0.54296875,0.5171875,0.78359375,0.853125
00000008_jpg.rf.9fdbfe619c593e7e49011baffdc179b4.txt,3,0.5265625,0.48515625,0.36328125,0.8875
00000008_jpg.rf.d6ae16e33b2d0ce14f864c49b32ff7d1.txt,1,0.490625,0.49140625,0.48125,0.79921875
00000008_jpg.rf.d6ae16e33b2d0ce14f864c49b32ff7d1.txt,1,0.33125,0.6859375,0.075,0.10078125
00000009_jpg.rf.434933584db61c49bf47883d31738f9c.txt,1,0.51640625,0.47734375,0.50859375,0.77890625
00000009_jpg.rf.968e7f41c9a8a3d19d858b0ce148a927.txt,0,0.5671875,0.55,0.84609375,0.77265625
00000009_jpg.rf.a497a98bbc523c37166bc14e35f8e57f.txt,3,0.5078125,0.50546875,0.228125,0.9109375
00000010_jpg.rf.ae3735f7bdce561c2b027d7b9a50a13e.txt,0,0.48359375,0.50234375,0.84140625,0.5125
00000010_jpg.rf.ded1f113db1a7eae9f5e34bc75a78674.txt,3,0.471875,0.5,0.49375,0.91640625
00000010_jpg.rf.f9e6789e6ffb20a05b198ab83a4cdf2e.txt,1,0.49453125,0.50625,0.540625,0.70390625
00000011_jpg.rf.978f6a0c034721e266af5d723ee9d206.txt,0,0.5125,0.53515625,0.74375,0.80859375
00000011_jpg.rf.9c8e373a86bb89fa982ff26b0100af9c.txt,3,0.5890625,0.4890625,0.228125,0.8890625
00000012_jpg.rf.1b0924ec03e3c74ab68c41b506e50e3d.txt,3,0.496875,0.525,0.53125,0.91640625
00000012_jpg.rf.23b8e43091b216c2a60d51359e341fb0.txt,0,0.4640625,0.50234375,0.653125,0.75
00000013_jpg.rf.c9d18550ddd14697c7e9e6dd8f2c6417.txt,1,0.5296875,0.528125,0.596875,0.934375
00000014_jpg.rf.3e1b57eb97d43076c5cb879b48dd7bed.txt,1,0.4203125,0.60234375,0.54140625,0.7625
00000014_jpg.rf.603601234ad600bff906e0d2fd73c6be.txt,0,0.478125,0.49453125,0.69375,0.7890625
00000014_jpg.rf.9a52803b6c8ccaa44e1c5225deefdfe3.txt,3,0.54375,0.49609375,0.4,0.89140625
00000015_jpg.rf.be97f382d7d3144bfd2a78d8f2bde62e.txt,1,0.5,0.51015625,0.66640625,0.77890625
00000015_jpg.rf.c6a9943fc36f74b5f87b962e7e8f3bc3.txt,3,0.4625,0.51640625,0.6,0.90859375
00000016_jpg.rf.724923c21f4a1f23f590d4e320623b73.txt,3,0.50625,0.51015625,0.32890625,0.97109375
00000016_jpg.rf.b452ed8ef6438cbb8718cac238c8b821.txt,0,0.503125,0.503125,0.8875,0.95
00000016_jpg.rf.e3787479c04e634cf33291c74dac45d5.txt,1,0.521875,0.49375,0.28125,0.95
00000017_jpg.rf.417d39e72f0a60b55ad5c3abea477252.txt,0,0.525,0.53203125,0.74609375,0.71171875
00000017_jpg.rf.52b497b581877202470b10b0f2835ab4.txt,3,0.490625,0.5,0.4625,0.9890625
00000018_jpg.rf.8ad824b748f5e3a12e9c97c09df78be1.txt,0,0.46875,0.61640625,0.55,0.578125
00000019_jpg.rf.3d29d750a0c1de5680acabf774cfa23c.txt,1,0.48515625,0.57734375,0.52890625,0.59609375
00000019_jpg.rf.bd8caec1247c3047354251bc94bf1342.txt,0,0.50625,0.51953125,0.675,0.65234375
00000020_jpg.rf.4e38ab2255870fe9e12dda1cc3c4a465.txt,3,0.4765625,0.51640625,0.240625,0.9109375
00000020_jpg.rf.5d5c98bcfde02f3a26b1dd3a5e1523d3.txt,0,0.5375,0.50234375,0.75,0.75234375
00000021_jpg.rf.19729dfd8f2b8ec755b4d765d1d0658c.txt,1,0.4953125,0.5125,0.353125,0.94140625
00000022_jpg.rf.62aa2342c921f895b28a9d5ba7e6ba6c.txt,0,0.4890625,0.51640625,0.903125,0.81640625
00000022_jpg.rf.f151cea77257c1bbf93c87aa1960df0f.txt,3,0.5234375,0.5046875,0.28828125,0.875
00000023_jpg.rf.4ef2c81a5c5dfdab7d0ea66b5e5eca29.txt,0,0.4765625,0.50390625,0.86484375,0.97265625
00000023_jpg.rf.89e65562f41c435b48e2afc54ce1b8ea.txt,3,0.428125,0.5,0.44453125,0.99140625
00000024_jpg.rf.6463c2a67bc0219c160d55f93b0edaaf.txt,3,0.54609375,0.49765625,0.4953125,0.9953125
00000024_jpg.rf.9ff9cbe88704c540f6dbcc6105a9c1e6.txt,0,0.515625,0.48671875,0.84609375,0.81328125
00000024_jpg.rf.c18995ef3e06fe2f814b46e81a414b61.txt,1,0.496875,0.51640625,0.49375,0.934375
00000025_jpg.rf.e8850b73d6e778c6084cb0533fef3eda.txt,3,0.515625,0.496875,0.25,0.9609375
00000026_jpg.rf.8da5a96a401e59c7d2540d08607c7bff.txt,0,0.5328125,0.55859375,0.73828125,0.6359375
00000026_jpg.rf.c0d4cc0d7d5c717aea4fa646d9aba115.txt,3,0.5375,0.48515625,0.3546875,0.87109375
00000027_jpg.rf.ac517fc0ec15cc97c76cc0b64a0214ec.txt,3,0.55390625,0.49375,0.41640625,0.89609375
00000027_jpg.rf.c8b2282c01dbc22b79edbdeb6578ac4a.txt,0,0.4953125,0.5265625,0.93125,0.8203125
00000029_jpg.rf.8c8d60bc3d20d15b455b135a2bef261a.txt,1,0.5203125,0.528125,0.340625,0.66640625
00000029_jpg.rf.9c099a7a837a002d5b67b60b38fac2c0.txt,3,0.4546875,0.49453125,0.228125,0.96640625
00000029_jpg.rf.dda15abbd58fa9364f289504d37e1551.txt,0,0.5453125,0.58984375,0.77578125,0.71484375
00000030_jpg.rf.1e976b1368b4005d55182771de96580e.txt,0,0.53515625,0.47734375,0.73984375,0.76953125
00000030_jpg.rf.58463bb8e8dfcc7c38fa489abbc01764.txt,3,0.503125,0.51640625,0.63125,0.90859375
00000030_jpg.rf.8e67bb8f94351a915007d68f58ea98bd.txt,1,0.4765625,0.58125,0.87578125,0.70390625
00000031_jpg.rf.dff4aafabce10a4063cfb0eedf8eac30.txt,3,0.4453125,0.484375,0.465625,0.89296875
00000032_jpg.rf.00cd11a782b4a174a021844166793d03.txt,0,0.48828125,0.58203125,0.9125,0.8078125
00000032_jpg.rf.19db1d7204fda4953cba127a7d2396a9.txt,3,0.53125,0.48359375,0.32109375,0.90859375
00000032_jpg.rf.51e4c2fe329d59fb417718d2b7ac6bce.txt,1,0.475,0.54609375,0.825,0.75
00000033_jpg.rf.d1a8a31b9b8bebd37e875dcab4ca29f9.txt,3,0.35,0.49765625,0.26875,0.9953125
00000033_jpg.rf.d2835aab4198701639253b3932708df5.txt,0,0.51796875,0.5078125,0.81796875,0.89609375
00000034_jpg.rf.b5478b34c0eaff7252f5797a12202f0b.txt,3,0.28984375,0.49375,0.53046875,0.9875
00000036_jpg.rf.0bf4791172197fd15e7ace193dd2ee49.txt,3,0.5109375,0.49921875,0.5109375,0.953125
00000036_jpg.rf.f22306df48da24b8c6e72640172ecb47.txt,1,0.53359375,0.55390625,0.51640625,0.65859375
00000037_jpg.rf.82414738579e7269a212d4b16ad53b3c.txt,3,0.465625,0.50234375,0.3,0.9859375
00000038_jpg.rf.340d9ebcea02b98547a4f3b5cb154183.txt,3,0.4578125,0.49765625,0.221875,0.9296875
00000038_jpg.rf.39fd7dd966d446ed6ea06c601d2954c2.txt,0,0.43828125,0.45859375,0.66640625,0.715625
00000039_jpg.rf.c19fd34d61ed80396637283d1ebdc972.txt,1,0.5078125,0.621875,0.365625,0.69921875
00000039_jpg.rf.c5056da2d8540c400a1a932023f3334c.txt,0,0.49296875,0.5625,0.840625,0.80078125
00000039_jpg.rf.d6db1bf804138c448f717e8ee42274ee.txt,3,0.41953125,0.35625,0.2625,0.5125
00000040_jpg.rf.3bf795749d2d8514482639fa64d7dca2.txt,1,0.5078125,0.47265625,0.73203125,0.92109375
00000040_jpg.rf.96e1e4fcae8666718d5d41ce86d7e8af.txt,3,0.47890625,0.49765625,0.475,0.92890625
00000041_jpg.rf.09894a842cc55778b2ff51c3412e68dd.txt,0,0.4984375,0.48984375,0.865625,0.85390625
00000041_jpg.rf.870f10c489ad118d95d7791fe4364b79.txt,1,0.5171875,0.52734375,0.70078125,0.8875
00000042_jpg.rf.689ba8e608c89f7cb8ba53ad8eda4c00.txt,1,0.49140625,0.48984375,0.85,0.87109375
00000042_jpg.rf.6ac96b5b54d61fa26c87cc7bd8a1ab91.txt,3,0.47421875,0.5125,0.64140625,0.89140625
00000044_jpg.rf.5b0c843b5af6c0563076c4f33e413940.txt,3,0.490625,0.50078125,0.509375,0.97265625
00000045_jpg.rf.42db2499f1560868101f6f2b107c6c59.txt,3,0.55390625,0.49375,0.34140625,0.7875
00000046_jpg.rf.cf4de42bd189d0bf829d35123920f808.txt,1,0.50625,0.50859375,0.85390625,0.93359375
00000046_jpg.rf.cf4de42bd189d0bf829d35123920f808.txt,1,0.19921875,0.70859375,0.09765625,0.10859375
00000047_jpg.rf.283b8f91ec041cd38277777ec9ad6233.txt,0,0.4984375,0.640625,0.646875,0.62421875
00000047_jpg.rf.db1125df2ce2186425f74defdbce7dab.txt,1,0.5359375,0.46484375,0.871875,0.92890625
00000048_jpg.rf.e28a348d851edb7c49920a403ada541c.txt,0,0.50390625,0.503125,0.76640625,0.84609375
00000049_jpg.rf.5ad4485c12ddddfd611cbabdd3d406b8.txt,3,0.496875,0.5125,0.33203125,0.9328125
00000049_jpg.rf.6aba571e10646913b73d24fad814c981.txt,1,0.50703125,0.51875,0.96796875,0.95390625
00000049_jpg.rf.6aba571e10646913b73d24fad814c981.txt,1,0.18125,0.65,0.11484375,0.1
00000050_jpg.rf.b82c1e0a5c861afe365a83c2f247df61.txt,0,0.475,0.528125,0.73125,0.68984375
00000051_jpg.rf.d1a42c49815d068819a578009662a734.txt,3,0.5203125,0.50234375,0.265625,0.8828125
00000053_jpg.rf.1cf5b3aa662963baa48c9f9ba137b007.txt,1,0.49765625,0.49765625,0.9703125,0.9875
00000053_jpg.rf.a977dbbfa8fa97e27df14a6c5149c34b.txt,3,0.46484375,0.50859375,0.44609375,0.88359375
00000054_jpg.rf.35ad5619193a9934f25f56c92295f7a3.txt,1,0.4953125,0.575,0.396875,0.71015625
00000054_jpg.rf.b97aad6372af514787ddbe1d83080432.txt,3,0.48046875,0.46484375,0.38671875,0.74609375
00000055_jpg.rf.08ede42ef6b01b1057813be411d3b6a8.txt,0,0.4984375,0.65390625,0.6125,0.375
00000055_jpg.rf.ee984c650696d1d9f5513375f12b2a47.txt,1,0.4546875,0.48359375,0.515625,0.875
00000056_jpg.rf.0579a1ba932f520b32f013b9771efffc.txt,0,0.525,0.56171875,0.7046875,0.57734375
00000056_jpg.rf.6e15bc8df6ab7d06314c2456b471aece.txt,3,0.46796875,0.51015625,0.42890625,0.97109375
00000057_jpg.rf.cdc59ebb07c799564d415861027415dc.txt,1,0.51171875,0.5125,0.92734375,0.94140625
00000057_jpg.rf.cdc59ebb07c799564d415861027415dc.txt,1,0.19375,0.63984375,0.12890625,0.10390625
00000059_jpg.rf.8ac323a24c98b28fb75fab4b184524b2.txt,0,0.4921875,0.49296875,0.9421875,0.965625
00000060_jpg.rf.4e5a73d392f0df36b58cb343049a8ad4.txt,0,0.490625,0.49453125,0.91875,0.91640625
00000060_jpg.rf.de239ce9bfcea755d002b61893369b66.txt,1,0.54375,0.50390625,0.61875,0.93359375
00000061_jpg.rf.2d588fbe2600f60fddc621daa1b723bd.txt,3,0.53671875,0.49140625,0.3546875,0.88359375
00000061_jpg.rf.ac752c9dae15b5897cf62f574dc0349a.txt,0,0.48828125,0.49609375,0.88984375,0.92890625
00000062_jpg.rf.3d6baed73b091f3c4349994fe6bc872a.txt,0,0.5,0.5296875,0.93671875,0.63359375
00000062_jpg.rf.d8c13329d9c25284b2f99b06d5d4623a.txt,1,0.6390625,0.553125,0.428125,0.8390625
00000063_jpg.rf.20350b81eb3cfdf424423471a7789e50.txt,3,0.51796875,0.47890625,0.34765625,0.90859375
00000064_jpg.rf.b0e4d49b1f4c6015984f064696e9e444.txt,3,0.4625,0.525,0.5453125,0.91640625
00000065_jpg.rf.19388ef25abdc570c4d4e23779f70054.txt,3,0.51875,0.46171875,0.5796875,0.803125
00000067_jpg.rf.01592098635804573a335da930363f9e.txt,0,0.4984375,0.540625,0.93203125,0.78671875
00000068_jpg.rf.ed3ac291c3f9a698fd27705c48695d1f.txt,0,0.515625,0.6375,0.42265625,0.44921875
00000069_jpg.rf.a8c7647de8a9e021d0cbb4baeb107d3b.txt,3,0.51875,0.5,0.225,0.971875
00000070_jpg.rf.d13154c6c2ba3f81b793421b355ced0f.txt,3,0.53984375,0.50703125,0.49375,0.87578125
00000072_jpg.rf.3168d671972b1b66c20f250b96f7ee90.txt,3,0.50234375,0.50234375,0.15546875,0.94296875
00000072_jpg.rf.7cd7fe603b49e8576bfdbe546d4097fe.txt,1,0.5,0.50234375,0.45,0.93515625
00000073_jpg.rf.00daf3aa4d95b9c68c2f7cab079360e0.txt,3,0.4609375,0.5015625,0.2421875,0.94765625
00000073_jpg.rf.57227ae8aafd205290eecdf3300c64c5.txt,1,0.51875,0.51875,0.6875,0.77578125
00000074_jpg.rf.0674a1da486b6a24ef37c92243f11422.txt,3,0.4296875,0.50390625,0.44296875,0.98984375
00000074_jpg.rf.46ce8aae2d0037e48422a3eb12613df6.txt,1,0.56171875,0.51015625,0.61640625,0.82890625
00000074_jpg.rf.d5d467da54d3159d750a3e40820f3c5d.txt,0,0.46875,0.546875,0.81875,0.80546875
00000075_jpg.rf.e8a1d8434e8314bf25770e3600daf3f5.txt,3,0.47734375,0.5609375,0.25,0.7375
00000076_jpg.rf.2f3422936890a2d05bf3c1a45f89ee76.txt,3,0.528125,0.5359375,0.615625,0.83359375
00000077_jpg.rf.23ffd356f54842b214bab2a4a463321d.txt,0,0.4984375,0.55234375,0.971875,0.7625
00000077_jpg.rf.6f9a6e71086ffdf157caa52f8509db7b.txt,3,0.42421875,0.52109375,0.3109375,0.80546875
00000078_jpg.rf.1f7d948eb12690f2626f584fbeb63ddf.txt,3,0.3671875,0.478125,0.34765625,0.70234375
00000081_jpg.rf.b8f563f4033b4f30d10bb3ba0c8c56ba.txt,3,0.5890625,0.484375,0.475,0.9375
00000082_jpg.rf.14fcd57f01a0ac2449e7045e77b55669.txt,3,0.4953125,0.55859375,0.471875,0.7734375
00000085_jpg.rf.0203fcd7f328c03be1fa31d8c4fb8b79.txt,3,0.4953125,0.4640625,0.3109375,0.8890625
00000085_jpg.rf.b3eb1772f5762465b44164d32bdbb40a.txt,0,0.52890625,0.5328125,0.55390625,0.71171875
00000086_jpg.rf.78c6a47620159ba68f820c723fd92a5a.txt,3,0.521875,0.5046875,0.2625,0.86015625
00000086_jpg.rf.8c4941cfe41d793542c1bf07f887f367.txt,1,0.5140625,0.57109375,0.278125,0.6546875
00000086_png.rf.6c5a003eb11d9d589c939649b67d962e.txt,3,0.521875,0.5046875,0.2609375,0.8578125
00000087_jpg.rf.9395be79745a8eb7602f5c70b6062e90.txt,3,0.52890625,0.50234375,0.2,0.965625
00000088_jpg.rf.0603491d6f901fff060df468af9affd6.txt,3,0.496875,0.49921875,0.28203125,0.8984375
00000089_jpg.rf.1220ba8d03288e754142157ffc8f6eed.txt,1,0.6078125,0.4953125,0.484375,0.98046875
00000089_jpg.rf.1ab00a7ddeae0b81de066229446da4ce.txt,0,0.4890625,0.51640625,0.878125,0.8265625
00000090_jpg.rf.4ec7c0d09fe97d454366b8ba2f81b5b0.txt,3,0.5421875,0.5140625,0.234375,0.91640625
00000090_jpg.rf.69af2f5599f051b0833556872396698b.txt,1,0.7234375,0.52109375,0.309375,0.63359375
00000090_png.rf.ccc2a7a88e89bf0fe1ce26554f4f85a9.txt,3,0.54140625,0.51796875,0.23359375,0.91171875
00000092_jpg.rf.2c9e1cf817c688369cc66a4fd42fdbbe.txt,1,0.4890625,0.46640625,0.8984375,0.89140625
00000092_jpg.rf.ae99e999f1e90a0f332f77d9c0b2f996.txt,3,0.46484375,0.475,0.35703125,0.86875
00000093_jpg.rf.7b35b9329c0bdae5a080db10a06d3f8d.txt,3,0.2296875,0.52421875,0.31953125,0.76171875
00000093_jpg.rf.7b35b9329c0bdae5a080db10a06d3f8d.txt,3,0.7890625,0.471875,0.33984375,0.88828125
00000094_jpg.rf.c52344bcce28757b336e3fd2cde5116f.txt,0,0.49140625,0.49140625,0.975,0.71640625
00000095_jpg.rf.972836eaed3e542ecc32e4449961dc57.txt,1,0.5265625,0.51171875,0.353125,0.9109375
00000095_jpg.rf.b7615a71ad2cbd8fbb9b948b5bb8067a.txt,3,0.4640625,0.52265625,0.7453125,0.8625
00000096_jpg.rf.f57d112729c7e5244c2e3681ded5b526.txt,1,0.50546875,0.49921875,0.55625,0.9796875
00000097_jpg.rf.722bb0b43a853c8c47ccd1882b3a13f0.txt,1,0.503125,0.4984375,0.34453125,0.7703125
00000097_jpg.rf.d55c4bedf9d4a23a4de4948b1d932f05.txt,0,0.4984375,0.4890625,0.953125,0.8015625
00000098_jpg.rf.8082387340878dfdde77f906a6c61107.txt,3,0.440625,0.46953125,0.36875,0.825
00000099_jpg.rf.3caa67412f4f1c50d5b0a0cb9b2e1c77.txt,3,0.49765625,0.45390625,0.2296875,0.6359375
00000100_jpg.rf.e0a8dd12d64bc11ba0c881815beafa0b.txt,3,0.48125,0.49296875,0.53828125,0.92578125
00000101_jpg.rf.1a052777dd9693826dab313588854d34.txt,1,0.42421875,0.4109375,0.39765625,0.81640625
00000101_jpg.rf.63cad2a9ff2cb2cbb77d42ec6fbfe894.txt,3,0.45625,0.4984375,0.60078125,0.97265625
00000102_jpg.rf.4a34fbc4482f279a386521fd2eaf3502.txt,3,0.48046875,0.465625,0.375,0.73828125
00000102_jpg.rf.82adc3794cbaa8c5a488c912e86e2c36.txt,0,0.49140625,0.7125,0.55,0.40859375
00000103_jpg.rf.873fabe52ca9340c1993b222e0f0fad2.txt,3,0.44921875,0.53125,0.465625,0.69375
00000103_jpg.rf.995d52dde60fd3359361e3bffc9b32b9.txt,1,0.40078125,0.57109375,0.63046875,0.80859375
00000103_png.rf.5e47b6af600e66f3dfd4c9ba574abf59.txt,1,0.39765625,0.57421875,0.62421875,0.80390625
00000103_png.rf.5e47b6af600e66f3dfd4c9ba574abf59.txt,1,0.6421875,0.93984375,0.13359375,0.07421875
00000103_png.rf.5e47b6af600e66f3dfd4c9ba574abf59.txt,1,0.16875,0.88046875,0.175,0.06171875
00000104_jpeg.rf.f632b20682b80863c49d232b36f9e4d3.txt,1,0.48515625,0.578125,0.52578125,0.59140625
00000104_jpeg.rf.f632b20682b80863c49d232b36f9e4d3.txt,1,0.63125,0.38984375,0.1671875,0.19765625
00000104_jpeg.rf.f632b20682b80863c49d232b36f9e4d3.txt,1,0.3390625,0.38828125,0.15234375,0.20234375
00000104_jpg.rf.337149832b35f3d2343f0f32e1492a15.txt,3,0.5296875,0.4796875,0.1859375,0.94609375
00000105_jpg.rf.205e31f0b9ec915ac4fc965542e4ed74.txt,0,0.4484375,0.49453125,0.7984375,0.91328125
00000105_jpg.rf.3242719e63edd3560cdfb7de3616ef8f.txt,3,0.4390625,0.50234375,0.54453125,0.97109375
00000105_jpg.rf.84b96285d1956a2218b7121ab31a0997.txt,1,0.50078125,0.50390625,0.54140625,0.778125
00000105_jpg.rf.84b96285d1956a2218b7121ab31a0997.txt,1,0.4984375,0.36171875,0.246875,0.16640625
00000106_jpg.rf.3b172758ca34cdcb8895ca2964272bea.txt,3,0.5359375,0.6625,0.29140625,0.58046875
00000106_jpg.rf.f66939a388161ba3d04fa100201ec0b4.txt,0,0.4890625,0.703125,0.7640625,0.453125
00000108_jpg.rf.55361188a04418031992ddcb51fb1860.txt,3,0.49375,0.48125,0.21953125,0.928125
00000108_jpg.rf.8818bc13a4df9d54324db53a452340bc.txt,0,0.46328125,0.459375,0.875,0.65859375
00000108_jpg.rf.9ec2d2267e413990ca6362f90247ba01.txt,1,0.3890625,0.50625,0.4296875,0.9765625
00000109_jpg.rf.032627b37d8686eb3902fd5d935d9b9a.txt,0,0.50703125,0.63515625,0.47109375,0.58203125
00000109_jpg.rf.06e9b9885f481eeca25a9587797daa50.txt,3,0.45078125,0.46484375,0.4296875,0.79453125
00000110_jpg.rf.7e3dabd24804a8e0c53eab29ad3fab71.txt,1,0.5015625,0.53515625,0.93046875,0.565625
00000111_jpg.rf.c3f233cd49543ebb11daba203a375484.txt,3,0.51015625,0.49921875,0.1703125,0.99296875
00000111_jpg.rf.d04913a0df4860e129535ebc3a5e0d42.txt,1,0.52734375,0.53359375,0.2875,0.54921875
00000111_jpg.rf.d04913a0df4860e129535ebc3a5e0d42.txt,1,0.434375,0.54140625,0.040625,0.22890625
00000112_jpg.rf.be7e1282644ba39e4339d8d6dd309f4b.txt,3,0.45859375,0.5015625,0.246875,0.9203125
00000113_jpg.rf.0ec8ccd1f45afd0fa83e468f2f433737.txt,3,0.425,0.49609375,0.64375,0.93984375
00000113_jpg.rf.d29b497a53c961ad4b5d8c9da2781338.txt,1,0.4984375,0.56328125,0.25078125,0.28671875
00000114_jpg.rf.4692688e047463e63fffcd44292abda4.txt,1,0.56015625,0.525,0.8640625,0.76328125
00000114_jpg.rf.4692688e047463e63fffcd44292abda4.txt,1,0.30234375,0.31640625,0.3484375,0.11328125
00000114_jpg.rf.dc091f6f02fcca594f88c9e16eda1eea.txt,3,0.60234375,0.58671875,0.14765625,0.6046875
00000117_jpg.rf.d9c88a3fc5294f536c2da7707f746430.txt,1,0.48046875,0.51484375,0.840625,0.9640625
00000118_jpg.rf.a0ab2ac5cae4d9c6fc3f80cdb815eb1e.txt,0,0.49140625,0.528125,0.89453125,0.8296875
00000118_jpg.rf.b8e2717c825b2d0f750a373d7a7175b2.txt,4,0.34140625,0.5234375,0.35078125,0.93359375
00000119_jpg.rf.cb98630a7c341a8bd8c9ba8c4e0c9054.txt,3,0.5578125,0.4890625,0.4375,0.96015625
00000120_jpg.rf.b0a90086f7ce06735bb8173168a7bb52.txt,3,0.421875,0.49453125,0.4078125,0.88046875
00000120_jpg.rf.c166602466c38efcbd71cc96ca488de1.txt,4,0.478125,0.578125,0.4671875,0.740625
00000121_jpg.rf.47f35d5feb33bc11a74e69a48e02be00.txt,1,0.50546875,0.47109375,0.77890625,0.90859375
00000121_jpg.rf.bb335da4d9e455cb3e5638a0b0a36182.txt,4,0.471875,0.6109375,0.6,0.6625
00000122_jpg.rf.f8207e5070ff689d28d4b650fc82a17d.txt,4,0.49375,0.5203125,0.71171875,0.878125
00000123_png.rf.100493819339afbcf3eb2186aa92fcd1.txt,4,0.49765625,0.49765625,0.9171875,0.8828125
00000123_png.rf.9190129e3ca1979d2c0d3467ff041cb8.txt,1,0.49453125,0.5125,0.3453125,0.9359375
00000124_jpg.rf.90f254488ecace32e228485e8f782f0b.txt,1,0.50859375,0.51015625,0.603125,0.96015625
00000124_jpg.rf.90f254488ecace32e228485e8f782f0b.txt,1,0.7515625,0.9328125,0.11640625,0.1046875
00000124_jpg.rf.90f254488ecace32e228485e8f782f0b.txt,1,0.26171875,0.9375,0.11015625,0.09453125
00000124_jpg.rf.90f254488ecace32e228485e8f782f0b.txt,1,0.50703125,0.33046875,0.2734375,0.20390625
00000124_jpg.rf.aef015e7f8bfa444782fdb90a02c284d.txt,4,0.49921875,0.51328125,0.9984375,0.7296875
00000126_jpg.rf.a377e4807eb671e6ea7fa7a70b285dc2.txt,4,0.4984375,0.59921875,0.85703125,0.59140625
00000126_JPG.rf.fd1b7619219267b0880c81a8bf0658ac.txt,1,0.5078125,0.51015625,0.8234375,0.965625
00000127_jpg.rf.40a25c05268d0ff45d8c570d16ff2cf6.txt,1,0.49375,0.59765625,0.5625,0.62109375
00000127_png.rf.68dc8f40ab719b5b0db2e032596f9b09.txt,1,0.49609375,0.59921875,0.5609375,0.61484375
00000128_jpg.rf.4a33c2c49b283d8ca82b6607d6fd5d18.txt,2,0.48046875,0.7828125,0.446875,0.4265625
00000128_jpg.rf.7651ee5bec49ea14e374c7f092def6ec.txt,1,0.50546875,0.546875,0.5125,0.90078125
00000129_jpg.rf.396e2db8f05eefd5352183004a83fe39.txt,4,0.53203125,0.59140625,0.771875,0.59765625
00000129_jpg.rf.3e02bbc0ebbd2ddf63e4ada90a472ee7.txt,0,0.4890625,0.51796875,0.875,0.82109375
00000129_jpg.rf.80b441ce6dc77f6a574a3e71296098ec.txt,2,0.45859375,0.47109375,0.875,0.659375
00000129_jpg.rf.b43abf5f832784376ab0b1fea3f72827.txt,1,0.5296875,0.4765625,0.59453125,0.83984375
00000130_jpg.rf.0cba4eae3a00a76d0212ce5027ddbe53.txt,1,0.484375,0.58359375,0.4625,0.78515625
00000130_jpg.rf.10aaa7f1ad54160d6b5d23ef2ea3bb87.txt,0,0.496875,0.4515625,0.9515625,0.86328125
00000130_jpg.rf.d3530405d6d412d842f40436f4deb379.txt,2,0.53828125,0.4703125,0.77734375,0.78046875
00000131_jpg.rf.1c820900b8ee3cb4c8d743e496d7a98a.txt,0,0.26328125,0.4046875,0.49609375,0.60625
00000131_jpg.rf.1c820900b8ee3cb4c8d743e496d7a98a.txt,0,0.559375,0.4796875,0.79609375,0.9109375
00000131_jpg.rf.244c93e01972a3acf51d129c33d8203e.txt,4,0.51328125,0.38671875,0.61875,0.7
00000132_jpg.rf.59ee435709f5c033d3c131ec9ab18829.txt,1,0.4984375,0.4984375,0.26015625,0.94375
00000132_jpg.rf.a719202d017b30a63b2d82f96da6d063.txt,2,0.5,0.47109375,0.98515625,0.6390625
00000133_jpg.rf.b8c8e243502c38d43a88950973a0209f.txt,0,0.49375,0.64921875,0.47109375,0.57109375
00000134_jpg.rf.85ec718960b1b01f8d402759442911e4.txt,2,0.51328125,0.48203125,0.5640625,0.865625
00000134_jpg.rf.a27422ed25eedb83fac63bb1d1be6f21.txt,4,0.4765625,0.52890625,0.61328125,0.75390625
00000134_jpg.rf.f8c91b19793ae29164d4e44504455e7b.txt,0,0.45,0.46015625,0.8921875,0.65390625
00000135_jpeg.rf.458a710cb254e58b401c8751cf3f19ce.txt,1,0.47421875,0.5484375,0.8171875,0.74375
00000135_jpg.rf.7f88da185db591c02c25b750b2048a11.txt,4,0.49921875,0.5828125,0.7734375,0.7015625
00000135_jpg.rf.b6c135dbe7d85590f4313c00e74b9634.txt,0,0.465625,0.4921875,0.73828125,0.5984375
00000135_jpg.rf.b835dbcd8af577381fc409c5b6744e08.txt,2,0.51640625,0.5765625,0.66328125,0.66015625
00000135_jpg.rf.b835dbcd8af577381fc409c5b6744e08.txt,2,0.253125,0.59609375,0.12109375,0.1109375
00000136_jpg.rf.e151214ba2dc4bf77439a58b89a0740f.txt,1,0.49453125,0.57421875,0.4734375,0.55859375
00000136_jpg.rf.e151214ba2dc4bf77439a58b89a0740f.txt,1,0.57890625,0.409375,0.1,0.22734375
00000136_png.rf.3abf44907588cb35310f650cfeb6a8d0.txt,2,0.51015625,0.7734375,0.73671875,0.26875
00000137_jpg.rf.43fb9576d17381b8109bd204e8ab2e2a.txt,3,0.4578125,0.50625,0.46015625,0.90078125
00000137_jpg.rf.4bc8ed6be75ecc1eecac71c1d0152712.txt,0,0.515625,0.48671875,0.85,0.78125
00000137_jpg.rf.8c88f9941ecc3883328913aede8dd14f.txt,4,0.49921875,0.50234375,0.6265625,0.7765625
00000137_jpg.rf.a179de67c69fb862f38ffebc94794dc2.txt,1,0.509375,0.5390625,0.9421875,0.91796875
00000137_jpg.rf.fcaa55807171be5650869043961a5855.txt,2,0.5015625,0.72890625,0.9828125,0.47734375
00000138_jpg.rf.106d2ebf5d074975885d93903f1a1fce.txt,2,0.48828125,0.52109375,0.90546875,0.56875
00000138_jpg.rf.4e5195b73fbd28dd2292bc5b52086458.txt,4,0.4796875,0.509375,0.6578125,0.7875
00000138_jpg.rf.8f182e7a46d84e1f2792fbe43dcba2da.txt,3,0.52734375,0.49453125,0.178125,0.7859375
00000139_jpg.rf.27467e96cf2fcb9ceb35227179580f55.txt,3,0.5171875,0.49765625,0.19609375,0.978125
00000139_jpg.rf.d08adc2e1f2221bf1a9b13281fa5f072.txt,0,0.48828125,0.421875,0.8921875,0.71796875
00000139_jpg.rf.d93f67606b696efd2ba4b5aab8f98ff3.txt,4,0.484375,0.503125,0.640625,0.7375
00000140_jpg.rf.3e03dd022ecbc6822202dab0f6b5aa47.txt,3,0.48125,0.4828125,0.2125,0.90859375
00000140_jpg.rf.82873cd13e0cc46ff40291b063f37b3c.txt,0,0.4890625,0.53984375,0.89765625,0.8484375
00000140_jpg.rf.e6490792cb12402a42747573f94ef7b0.txt,4,0.490625,0.59140625,0.590625,0.47734375
00000140_png.rf.52afaf24d4413e9e0c5978afd0a86070.txt,3,0.48046875,0.4859375,0.209375,0.9046875
00000141_jpg.rf.a90bc65f02f9a42fb8acc2eb3b7f7066.txt,1,0.55234375,0.56796875,0.81171875,0.684375
00000141_jpg.rf.cd66500150928840c5e61d3ea642740b.txt,4,0.58984375,0.5,0.665625,0.98359375
00000142_jpg.rf.3d82b3d88ec00d0aa402b2d2cbef157b.txt,4,0.50390625,0.503125,0.87421875,0.84453125
00000142_jpg.rf.53563e575bbbd330aa19407a21789a8e.txt,0,0.47578125,0.5765625,0.89921875,0.525
00000142_jpg.rf.5867c2fe3518aa7b4adeb1c9578a6e1b.txt,3,0.45546875,0.446875,0.57109375,0.79140625
00000142_jpg.rf.c1e778b91d92ee06cfd0b9299e41e380.txt,1,0.53046875,0.6578125,0.52421875,0.56015625
00000142_jpg.rf.c1e778b91d92ee06cfd0b9299e41e380.txt,1,0.64921875,0.71796875,0.1015625,0.43984375
00000143_jpg.rf.4e319d8dfddaea6373c70af18815c94b.txt,3,0.81640625,0.49375,0.18125,0.90546875
00000143_jpg.rf.61353459ae39d8c278728d5534ce24c2.txt,0,0.48203125,0.53515625,0.8203125,0.81171875
00000144_jpg.rf.69f7042e975e5b10da6f60815ed92b0a.txt,0,0.559375,0.553125,0.75234375,0.7390625
00000144_jpg.rf.af4a42db156f95368f546b389f6cea58.txt,3,0.50625,0.4953125,0.95859375,0.67265625
00000144_jpg.rf.bdd6766fb4361e974e62612047eb331e.txt,2,0.51015625,0.51953125,0.8140625,0.92265625
00000145_jpg.rf.c27be129349b06363358c740349ee4c3.txt,0,0.571875,0.521875,0.69453125,0.62578125
00000145_png.rf.9845b080dd61e200aac247aba4369d6e.txt,3,0.61796875,0.50078125,0.58359375,0.934375
00000146_jpg.rf.2acad61539d44b72d977df14c52d04e1.txt,3,0.3625,0.546875,0.18203125,0.821875
00000146_png.rf.d98c90f04259d7077a9d168d911bfb98.txt,2,0.48828125,0.73125,0.65546875,0.36328125
00000147_jpg.rf.35b92e2aafd87c1a318cc6e630071183.txt,3,0.56015625,0.49765625,0.4265625,0.9953125
00000147_jpg.rf.d1b138419271c9540382dfcb6e7f1b87.txt,0,0.49921875,0.5015625,0.625,0.628125
00000148_jpg.rf.ddd3b7cf3be5e84e7059f1f2c8fe9668.txt,4,0.49296875,0.50390625,0.9140625,0.9265625
00000148_jpg.rf.ffed9c9ff603dbde656a153230703023.txt,3,0.465625,0.5609375,0.29609375,0.86640625
00000149_jpg.rf.2288b76189b228bf653518b8d11f13fd.txt,2,0.51953125,0.68203125,0.7953125,0.575
00000149_jpg.rf.c98f512a260213ad02e53dfbd33337af.txt,3,0.5015625,0.5015625,0.75703125,0.92421875
00000150_jpg.rf.ab7e70f24fdfb1c93ab84bb35cd9182d.txt,1,0.515625,0.47734375,0.484375,0.7578125
00000150_jpg.rf.ab7e70f24fdfb1c93ab84bb35cd9182d.txt,1,0.66484375,0.22578125,0.1828125,0.2359375
00000150_jpg.rf.ab7e70f24fdfb1c93ab84bb35cd9182d.txt,1,0.3578125,0.21796875,0.16640625,0.2328125
00000150_jpg.rf.cecd05bab79102d69f33989c1b83dc63.txt,0,0.434375,0.4390625,0.7125,0.765625
00000150_jpg.rf.f8ebf83c3121089a02d7f7182bdfdfe2.txt,2,0.6296875,0.47890625,0.71328125,0.86015625
00000150_jpg.rf.fd69359b8ad36888fa978b3644195364.txt,4,0.52578125,0.55625,0.77265625,0.47109375
00000151_jpg.rf.315188cc8c3adb76b1927574ce9754bc.txt,0,0.5265625,0.52734375,0.7921875,0.60859375
00000151_jpg.rf.437b4c63a7f85859e0f18f78b96f2ef0.txt,3,0.46015625,0.46171875,0.2609375,0.590625
00000151_jpg.rf.e63488f822691c05a386417be7e4f11a.txt,2,0.50078125,0.59140625,0.7390625,0.68046875
00000152_jpg.rf.6828094312ef879f3ff030dc8c982e1d.txt,0,0.49296875,0.52109375,0.9265625,0.68515625
00000153_jpg.rf.08674778fb901ba7ea9572ac71328bdf.txt,2,0.459375,0.49765625,0.83203125,0.72890625
00000153_jpg.rf.08674778fb901ba7ea9572ac71328bdf.txt,2,0.8140625,0.24375,0.12265625,0.2203125
00000153_jpg.rf.9b42d33b639a5d1148f05145264a36b4.txt,3,0.5125,0.49921875,0.11015625,0.99296875
00000153_jpg.rf.a8005e3897bcf2dcb019d13cb43b720e.txt,4,0.503125,0.5359375,0.5015625,0.54453125
00000153_jpg.rf.c0d8c69054c4d2fb0ee0de455aae2d68.txt,0,0.515625,0.49765625,0.83671875,0.9546875
00000154_jpg.rf.79e86a7831df2561b0bb2446b96a0b4f.txt,0,0.525,0.44765625,0.62109375,0.6203125
00000154_jpg.rf.d1435897031a9dfa0ee8c8eb3c0d81de.txt,2,0.5234375,0.53125,0.56953125,0.85
00000154_jpg.rf.f8d16f5cad779b9ef2d6b2892ba8473a.txt,1,0.509375,0.471875,0.73125,0.91953125
00000154_png.rf.efe026b2e7d4fb578cfeebff9eb010f7.txt,3,0.47578125,0.53203125,0.16875,0.9203125
00000155_jpg.rf.427fc6639b033fc772fb27360f16b1f0.txt,4,0.509375,0.6421875,0.396875,0.55703125
00000155_jpg.rf.6c0020845f33816db894f2b3be9ea6cf.txt,2,0.5109375,0.475,0.70703125,0.871875
00000155_jpg.rf.6c0020845f33816db894f2b3be9ea6cf.txt,2,0.21640625,0.55234375,0.11640625,0.2109375
00000155_jpg.rf.84d12e6718d9ef6f7bbcfc8d757f694f.txt,3,0.20859375,0.5125,0.3609375,0.975
00000155_jpg.rf.84d12e6718d9ef6f7bbcfc8d757f694f.txt,3,0.8890625,0.5125,0.2015625,0.43359375
00000155_jpg.rf.85a49fc63042f79ac750e06f997a466e.txt,1,0.4671875,0.4890625,0.384375,0.8265625
00000155_jpg.rf.e1da5f76beba43cca958fd87594a4936.txt,0,0.44453125,0.5171875,0.621875,0.7734375
00000156_jpg.rf.0d4a4cbeeb25576705db631a1c84aa3c.txt,0,0.490625,0.64921875,0.5859375,0.3453125
00000156_jpg.rf.5cf09950bc485361e0af06db03ad8c25.txt,2,0.48671875,0.75234375,0.82109375,0.471875
00000156_jpg.rf.5cf09950bc485361e0af06db03ad8c25.txt,2,0.81640625,0.6375,0.11953125,0.24296875
00000156_jpg.rf.d57782a183b88e353d1d896c297b7886.txt,3,0.4609375,0.51875,0.55859375,0.81875
00000156_jpg.rf.e28168fa736994b894af586bac83515d.txt,4,0.67734375,0.565625,0.5375,0.58046875
00000157_jpg.rf.2c92ded07362a7f586071317d68c354d.txt,2,0.509375,0.528125,0.95625,0.80546875
00000157_jpg.rf.eae21fb6d0c92f9410cb448fca39fe15.txt,1,0.553125,0.57890625,0.33125,0.74921875
00000157_png.rf.e4df7c6c4698ec36834ed4eeb8373235.txt,1,0.55234375,0.575,0.3375,0.734375
00000158_jpg.rf.47af8340b8ea39fae53fa5ab1dad629a.txt,2,0.44140625,0.48984375,0.5828125,0.81953125
00000159_png.rf.5e8582687f2f18d707564d423924ca29.txt,2,0.49140625,0.50703125,0.4203125,0.32578125
00000160_jpg.rf.7b152b80c544e703cbd3d45c21d756f5.txt,1,0.47890625,0.5421875,0.928125,0.86328125
00000160_jpg.rf.7b152b80c544e703cbd3d45c21d756f5.txt,1,0.75703125,0.32109375,0.36796875,0.240625
00000160_jpg.rf.7b152b80c544e703cbd3d45c21d756f5.txt,1,0.196875,0.359375,0.36484375,0.23203125
00000160_jpg.rf.c55a54e48a3357c89ea0c2a6be435474.txt,2,0.53671875,0.5328125,0.61796875,0.6828125
00000160_jpg.rf.d2977aa92e37c89a059c9774878b58cb.txt,4,0.49765625,0.5140625,0.925,0.95234375
00000163_jpg.rf.0add01300639b18d0ecfa33dec49782f.txt,2,0.4828125,0.6609375,0.75546875,0.56953125
00000164_jpg.rf.1f9992f42053f7c8ad09051e72b532f4.txt,1,0.503125,0.5078125,0.78359375,0.91953125
00000165_jpg.rf.faa66b265f5f7659a6ff2bf515d0124e.txt,2,0.44609375,0.50078125,0.7390625,0.67421875
00000166_jpg.rf.9f71ab3312db633192e084c361913848.txt,4,0.4765625,0.5015625,0.559375,0.92265625
00000167_jpg.rf.19c353636449143f8bc3549835ea5d33.txt,3,0.4765625,0.4453125,0.2078125,0.77890625
00000167_jpg.rf.8d6c6eddbf268f35afda62fcce448134.txt,2,0.525,0.4625,0.7984375,0.91953125
00000169_jpg.rf.0b1c94b8b9fd4884b22833d8f3b5f3b6.txt,3,0.46875,0.49609375,0.403125,0.99140625
00000169_jpg.rf.fec3f005347bd1e50ae64a744334e916.txt,1,0.51328125,0.59453125,0.871875,0.6828125
00000169_jpg.rf.fec3f005347bd1e50ae64a744334e916.txt,1,0.79375,0.871875,0.09453125,0.12265625
00000169_jpg.rf.fec3f005347bd1e50ae64a744334e916.txt,1,0.209375,0.871875,0.0984375,0.128125
00000170_png.rf.cc996f3ceb4ce212025de6e0d4ba4b91.txt,2,0.48828125,0.50078125,0.79609375,0.97734375
00000171_jpg.rf.26c281b91eae08d06e9e117b32740ec3.txt,3,0.48828125,0.5203125,0.3203125,0.9109375
00000171_jpg.rf.59be909107118aaf44b18603ee03325c.txt,2,0.5015625,0.53203125,0.78203125,0.40390625
00000171_jpg.rf.9347fb256d4aa76471c748d1682e797d.txt,1,0.4265625,0.5109375,0.37109375,0.8109375
00000172_jpg.rf.6d2c6982a4891389007feb0a74ac3cb5.txt,0,0.48203125,0.3859375,0.9015625,0.7203125
00000173_jpg.rf.0c5fd39be08848288ca41508cca1555a.txt,1,0.51328125,0.4859375,0.4125,0.79453125
00000173_jpg.rf.0c5fd39be08848288ca41508cca1555a.txt,1,0.6609375,0.65859375,0.0453125,0.0765625
00000173_jpg.rf.2f101dd49247ed173b51b9dce3abc319.txt,3,0.4984375,0.5671875,0.1640625,0.65
00000173_jpg.rf.85ad3cedc47538c3285156264ca1789f.txt,0,0.50078125,0.49765625,0.77734375,0.903125
00000174_jpg.rf.20bee2757ce3374e046a4b7e09199b5d.txt,0,0.49453125,0.55859375,0.96640625,0.5
00000174_jpg.rf.9d7540b2f0e77da9be14b81b74f93b87.txt,3,0.2890625,0.5515625,0.378125,0.67578125
00000174_jpg.rf.9d7540b2f0e77da9be14b81b74f93b87.txt,3,0.6546875,0.55078125,0.42265625,0.709375
00000174_jpg.rf.b9eb7aaaff082cde40e996a7fcd9daf6.txt,4,0.48046875,0.56875,0.5078125,0.7484375
00000175_jpg.rf.30bc1cbd1ed92374688df93b3a477816.txt,3,0.46171875,0.525,0.5359375,0.91171875
00000175_jpg.rf.92edd7186f4fc1a316ba241c172c4608.txt,0,0.4453125,0.46328125,0.77734375,0.7921875
00000175_jpg.rf.93f37372ac479c303939fc1c5c31268d.txt,2,0.50625,0.71484375,0.9828125,0.2953125
00000176_jpg.rf.957d4ee3eb96861ad67c5d4d4d13e36e.txt,0,0.46484375,0.4609375,0.92734375,0.78125
00000176_jpg.rf.9730c2971a0b1fc9e694a56d6a64e221.txt,2,0.50234375,0.52421875,0.86796875,0.4078125
00000176_jpg.rf.ab0b76887184eaf0a985d6962a55d9e7.txt,1,0.528125,0.50625,0.2828125,0.615625
00000176_jpg.rf.ab0b76887184eaf0a985d6962a55d9e7.txt,1,0.596875,0.30859375,0.090625,0.2109375
00000176_jpg.rf.b0a86c80c63fe926c60fb077734132ce.txt,3,0.3296875,0.50625,0.61953125,0.90703125
00000177_jpg.rf.ac805452d8a66848ed2ce1aebc0ac075.txt,2,0.4546875,0.684375,0.76953125,0.575
00000177_png.rf.220e6443baa976dafe20a704e8a0a99a.txt,3,0.2921875,0.5015625,0.571875,0.99140625
00000178_jpg.rf.2ae349ef1c84439afdb156f1f4c30222.txt,4,0.5015625,0.51015625,0.996875,0.9796875
00000178_jpg.rf.858128b67c72b076e0a4ede83fa10964.txt,2,0.46171875,0.5015625,0.76328125,0.8984375
00000178_jpg.rf.f0e659e8a22064c260f790c5e13db607.txt,1,0.490625,0.50234375,0.5015625,0.88125
00000178_jpg.rf.f0e659e8a22064c260f790c5e13db607.txt,1,0.64140625,0.46640625,0.14609375,0.40390625
00000179_jpg.rf.5efd0f2fd0fdbdbfeb99e610764c3e81.txt,4,0.478125,0.4796875,0.40546875,0.90703125
00000179_jpg.rf.d311e2e013838fcfa02c6a8303d777d1.txt,0,0.47890625,0.48515625,0.81015625,0.86484375
00000179_jpg.rf.eaa9fd5dca54e41d6fce25bc339bb37c.txt,3,0.5203125,0.46875,0.528125,0.775
00000179_png.rf.6e1fd94dc1cedfabc0b92a12dc081178.txt,2,0.509375,0.73515625,0.734375,0.35546875
00000180_jpg.rf.05438efe2d038e889f06696a54e64b3f.txt,3,0.44296875,0.5171875,0.678125,0.71015625
00000180_jpg.rf.0e87499630bdfdc824d1149e22911e07.txt,0,0.52109375,0.5015625,0.7578125,0.57578125
00000180_jpg.rf.6fd474a3279933de70940c68a226089f.txt,4,0.52890625,0.5125,0.64765625,0.809375
00000180_jpg.rf.e805d09ebd26c348982324853452e120.txt,2,0.55078125,0.45390625,0.834375,0.81015625
00000181_bmp.rf.eb72cbaa365beb4111062592f0a70569.txt,0,0.29921875,0.4890625,0.47109375,0.3609375
00000181_jpg.rf.76130a126e4023c5d7706f7d7965644a.txt,4,0.52265625,0.57421875,0.7484375,0.71796875
00000181_jpg.rf.ca5e3da60672fa78e19589ab92cb42d3.txt,2,0.49609375,0.4359375,0.6890625,0.75859375
00000181_jpg.rf.d0a8d116ca09b24e687bae992d8ae72e.txt,3,0.4625,0.54375,0.28203125,0.75234375
00000181_jpg.rf.f0fc6af33651cf00d512792274f08f54.txt,1,0.490625,0.5125,0.91484375,0.96640625
00000182_jpg.rf.1d9111c37c52c3556bc7fd927969905b.txt,2,0.52109375,0.6671875,0.759375,0.5984375
00000182_jpg.rf.b3a3c87f2c59bbe36ee05ffabba0ef04.txt,3,0.4734375,0.4984375,0.62421875,0.9375
00000182_jpg.rf.d9cda9125439397c41b6e9ce2d7bfa2f.txt,1,0.50078125,0.459375,0.6921875,0.82890625
00000183_jpg.rf.0aeea87dcbff08595b5e6ef02f79514e.txt,1,0.478125,0.50859375,0.61484375,0.7390625
00000183_jpg.rf.e2efbb5cdcad80340a69a37e8f0994ca.txt,2,0.621875,0.58125,0.61796875,0.8296875
00000184_jpg.rf.14acdfe2fb6e0d12ab9ef64c706f9bc6.txt,1,0.49140625,0.59296875,0.25703125,0.6359375
00000184_jpg.rf.301e243964a16be029e89dbe4164db0b.txt,3,0.4234375,0.49609375,0.40078125,0.8703125
00000184_jpg.rf.b3dbabf5815971ed98cf35c58da45d66.txt,2,0.5203125,0.640625,0.7046875,0.465625
00000184_png.rf.82b83d61dbc70841f1789ed41cf8a6a2.txt,4,0.4765625,0.55546875,0.5578125,0.69453125
00000185_jpg.rf.1ab1f37b424f4c108024ab383f66991c.txt,3,0.50859375,0.45703125,0.1734375,0.88671875
00000186_jpg.rf.ad29b47c645644fa7f80fd6d0a6df6ae.txt,2,0.51796875,0.52734375,0.77734375,0.70859375
00000186_jpg.rf.eae0ec2951a2de1ab967cc5ae7caf079.txt,4,0.68359375,0.5296875,0.41484375,0.84140625
00000186_png.rf.280571db4b60a691d71447acbbb0255e.txt,0,0.50703125,0.45859375,0.41875,0.8203125
00000187_jpg.rf.0e96ff7ae18e232f29c2124a934f6352.txt,4,0.459375,0.49453125,0.721875,0.91796875
00000187_jpg.rf.2af2fe11408cccb034e82b75846a71c5.txt,3,0.4515625,0.5015625,0.328125,0.96875
00000187_png.rf.df8c0005c0d6d50c17b16bef69d325a7.txt,2,0.50625,0.5828125,0.64375,0.63203125
00000188_jpg.rf.e78f3af692a5196044398030f109bceb.txt,3,0.50703125,0.57265625,0.41484375,0.66875
00000188_jpg.rf.f2aff17d44b6517bf73b9b0df68b1282.txt,1,0.521875,0.50859375,0.4359375,0.92890625
00000189_jpg.rf.043188c5ca381139973a83290bf46a78.txt,0,0.5703125,0.49296875,0.75234375,0.825
00000189_jpg.rf.b1335964aeb7870cbd8b0a6e0499671d.txt,2,0.49609375,0.5,0.88515625,0.94453125
00000190_jpg.rf.094b05c18b786ab92816bd89266adefd.txt,1,0.53984375,0.5515625,0.6578125,0.7734375
00000190_jpg.rf.0e46c810b3a9b69b2cc5dae4e5c306f0.txt,3,0.4921875,0.43046875,0.34921875,0.80859375
00000190_jpg.rf.794974de5072582f7033800e284c757c.txt,4,0.46875,0.60390625,0.5078125,0.63359375
00000190_jpg.rf.92caeffc4cbb5ac90014d24e1bc0e658.txt,2,0.5109375,0.66796875,0.74609375,0.6125
00000190_jpg.rf.92caeffc4cbb5ac90014d24e1bc0e658.txt,2,0.82734375,0.47578125,0.11015625,0.221875
00000191_jpg.rf.678a1dbd07ef48b5cb2273222397715b.txt,4,0.5765625,0.5375,0.62265625,0.73125
00000191_jpg.rf.c7ff43767c81c9489ff75b18a6ca0362.txt,3,0.61953125,0.51640625,0.1609375,0.88515625
00000191_jpg.rf.c81b634e209eafb83cae375fa25978ba.txt,1,0.49296875,0.5703125,0.240625,0.51875
00000192_jpg.rf.23ce1763edccf287fe837662f17d0f45.txt,1,0.5328125,0.55703125,0.68515625,0.85703125
00000192_jpg.rf.4a957f3e001f0d0f8e4e68c651a10cbe.txt,3,0.5234375,0.5671875,0.22890625,0.790625
00000192_jpg.rf.64a6dc37e36c223c04bfa8a1157f6f11.txt,4,0.5296875,0.46015625,0.63671875,0.825
00000193_jpg.rf.a624e36896bc413a1b29447dd089ecf3.txt,1,0.49765625,0.61875,0.57109375,0.62109375
00000193_png.rf.fa04976bc930aa452823206f043a3e6e.txt,1,0.5,0.6203125,0.5609375,0.61484375
00000194_jpg.rf.6df21f57a51e89ee903bf445e54537db.txt,4,0.36953125,0.515625,0.71875,0.934375
00000194_jpg.rf.f49a2cb5d9ba4f1a6847ea592b4d43b2.txt,0,0.26015625,0.6578125,0.43203125,0.43515625
00000195_jpeg.rf.5fd0a4e29ad2b8aa7a54d19c58703bf8.txt,4,0.4921875,0.559375,0.5640625,0.715625
00000195_jpg.rf.ed38144f147b1d922f28bc6f733e4785.txt,3,0.47265625,0.521875,0.43515625,0.86328125
00000196_jpg.rf.c3e297c1d41116c3fbf7bfa2b5811fe2.txt,4,0.3375,0.5046875,0.61640625,0.97109375
00000196_jpg.rf.e9a87783617b089e18df34f07825d798.txt,3,0.46796875,0.528125,0.63984375,0.72890625
00000197_jpg.rf.759a98e49692e57503e15ce49fa1093c.txt,3,0.5421875,0.509375,0.75078125,0.91484375
00000197_jpg.rf.820ff10ef3fad577fbab39fef48f4d5f.txt,2,0.47734375,0.5,0.71875,0.99453125
00000198_jpg.rf.2c2e1041a1a3c95299de80a0f9ebaeb2.txt,3,0.590625,0.63125,0.41328125,0.72421875
00000198_jpg.rf.4b129b7b444bd8da8da64fac80979f18.txt,2,0.45,0.471875,0.82578125,0.88203125
00000198_png.rf.9e5fba40355f51971598490e28488e67.txt,0,0.45859375,0.6515625,0.63671875,0.68828125
00000199_JPG.rf.518c86a4436c8edf292ce95b60d67d68.txt,2,0.51484375,0.46953125,0.70703125,0.865625
00000200_jpg.rf.3cde743e5a3d870071889991119305bc.txt,3,0.51171875,0.475,0.5734375,0.90859375
00000200_jpg.rf.9af7bb98506ab1691c35f16a94bdc096.txt,0,0.584375,0.4671875,0.74296875,0.7796875
00000200_png.rf.23f6c0b2edd618fd2e85143c0f35f6cd.txt,3,0.51171875,0.47890625,0.56875,0.90234375
00000200_png.rf.7b41f75aefdcaf538e52ef6a39e58082.txt,2,0.47109375,0.603125,0.80625,0.309375
00000201_jpg.rf.460a92e87e12f71753c7492bcb4aa3fb.txt,3,0.5296875,0.5046875,0.55703125,0.93671875
00000201_jpg.rf.b4003333a253e563cd9207c1da7ae134.txt,2,0.48046875,0.4921875,0.50078125,0.96875
00000202_jpg.rf.801aff96fe706dcaf30d46dba21428fd.txt,3,0.4859375,0.44921875,0.128125,0.2328125
00000202_jpg.rf.e8a3c69f7df0b782d78e82fa66a305cc.txt,2,0.45234375,0.5015625,0.653125,0.890625
00000203_jpg.rf.a8526c02561ccb0dcbc01c04c8be359b.txt,3,0.5171875,0.51171875,0.253125,0.8640625
00000203_png.rf.df3c209f51393e3e63392200859466bf.txt,3,0.51640625,0.51328125,0.2484375,0.85625
00000204_jpg.rf.2c6775a11dc278053fc19dfa2116e60c.txt,3,0.5328125,0.540625,0.3609375,0.66015625
00000204_jpg.rf.4150968a971468e4c7975103ff700a8f.txt,1,0.5015625,0.421875,0.4328125,0.35546875
00000204_jpg.rf.97e12e5544ceaceb6d4a5169ed9a714d.txt,0,0.496875,0.48203125,0.83359375,0.64296875
00000205_jpg.rf.14665721289f6cf77959e691457cdcdc.txt,1,0.5015625,0.50234375,0.59921875,0.94609375
00000206_jpg.rf.1a781d3da2f87fa2cd9d432b0359f5d8.txt,1,0.2453125,0.5671875,0.23984375,0.7078125
00000206_jpg.rf.1a781d3da2f87fa2cd9d432b0359f5d8.txt,1,0.7515625,0.5078125,0.2421875,0.93984375
00000207_jpg.rf.080da84a3c7bb43e07349f0e90af7b3d.txt,1,0.48671875,0.53046875,0.3546875,0.6546875
00000209_jpeg.rf.a1e4615764c16635050b57b74cd353ca.txt,2,0.4671875,0.665625,0.825,0.6015625
00000209_jpeg.rf.a1e4615764c16635050b57b74cd353ca.txt,2,0.8078125,0.478125,0.13984375,0.22421875
00000209_JPG.rf.3725bace4120810feb0d64db0b142300.txt,4,0.51796875,0.58671875,0.64609375,0.80859375
00000209_jpg.rf.a554f4c0a44146e9b57d4ec6ced1b1a0.txt,0,0.471875,0.58359375,0.690625,0.56796875
00000210_jpg.rf.521c000bf7701d31619956f019eda6a3.txt,0,0.521875,0.5078125,0.74921875,0.8109375
00000210_jpg.rf.5583994bddad8c0de070e0c73d88e145.txt,1,0.4984375,0.48515625,0.39453125,0.8140625
00000210_jpg.rf.5583994bddad8c0de070e0c73d88e145.txt,1,0.47578125,0.340625,0.13984375,0.18828125
00000210_jpg.rf.5aba3a592480625fc40ab07bda5e1a67.txt,4,0.3859375,0.3859375,0.7390625,0.4390625
00000210_jpg.rf.6c41eb09ed6b080e45559a30a794d660.txt,2,0.5140625,0.69921875,0.896875,0.4171875
00000211_jpg.rf.60b57c3ca904f6d1d5ab1f84213c9347.txt,4,0.45703125,0.56640625,0.59453125,0.63125
00000212_jpg.rf.61c31ea5beafc57c04f29f53c43f0087.txt,1,0.51875,0.5484375,0.36171875,0.73046875
00000212_jpg.rf.61c31ea5beafc57c04f29f53c43f0087.txt,1,0.6234375,0.30859375,0.1515625,0.16953125
00000212_jpg.rf.61c31ea5beafc57c04f29f53c43f0087.txt,1,0.40703125,0.31953125,0.134375,0.15546875
00000212_jpg.rf.e9d91b7da6c13b57cc5c47bb79b2965b.txt,2,0.48515625,0.5359375,0.88046875,0.71328125
00000212_jpg.rf.e9d91b7da6c13b57cc5c47bb79b2965b.txt,2,0.85625,0.29140625,0.121875,0.22421875
00000213_jpg.rf.58b911a257df9bd04db3acea2b19ea7e.txt,2,0.5140625,0.46328125,0.8,0.62109375
00000213_jpg.rf.82d46dbf3afcd0cd2cfb34f730b2cd22.txt,0,0.47578125,0.528125,0.64375,0.69296875
00000213_jpg.rf.c74659d57fd08a186bf98d62ba5266e4.txt,4,0.2515625,0.5,0.4171875,0.63984375
00000214_jpg.rf.67d7559636fef3b3a3b936fa7e2bfb30.txt,4,0.50703125,0.546875,0.7421875,0.88828125
00000214_jpg.rf.f81f7b1e33ba647f8e727d1fe6fbbd1b.txt,2,0.4390625,0.48828125,0.6,0.96875
00000215_jpg.rf.cbe4f48d2dffb248dcf941c8d704e06a.txt,0,0.49921875,0.49609375,0.9421875,0.87734375
00000215_jpg.rf.f49606a047ba4de2cee475114a835828.txt,2,0.51953125,0.5296875,0.584375,0.92578125
00000216_jpg.rf.06be7c6e4a0eb334cc55819fa54fc275.txt,0,0.5015625,0.64375,0.38515625,0.44296875
00000216_jpg.rf.5ea3e9544c9e5b13b3852422b67ad2d0.txt,4,0.5046875,0.51875,0.71796875,0.9625
00000216_jpg.rf.9e9d46685a15940c8e47bc07febf4c8b.txt,1,0.50234375,0.4625,0.9046875,0.79140625
00000216_jpg.rf.b1331eeb74cfbab02135f8088f4cf43d.txt,2,0.47578125,0.490625,0.8,0.8453125
00000217_jpg.rf.6d38593334fdfc6a7bd915563cb7a219.txt,2,0.471875,0.578125,0.54453125,0.521875
00000217_jpg.rf.9209a71b236b89b9bcdd9be524b3e64a.txt,1,0.53046875,0.55546875,0.50859375,0.64453125
00000217_jpg.rf.9209a71b236b89b9bcdd9be524b3e64a.txt,1,0.68359375,0.353125,0.14453125,0.2171875
00000217_jpg.rf.9209a71b236b89b9bcdd9be524b3e64a.txt,1,0.38359375,0.34375,0.140625,0.21875
00000217_jpg.rf.a944a2e3daf9ff54762de05095e7b723.txt,0,0.70546875,0.59375,0.52734375,0.63671875
00000217_jpg.rf.fa3a942142d18cf515b13f4ed8b531d9.txt,4,0.50703125,0.55625,0.59140625,0.809375
00000218_jpg.rf.b9642f7a2fd7297f9d279c09fdf38ecf.txt,4,0.503125,0.58125,0.38359375,0.609375
00000218_jpg.rf.fb571d7e13726c9999a3bb4bd58fe440.txt,2,0.51015625,0.4796875,0.9359375,0.953125
00000219_jpg.rf.1c6ce6895cba4942beef9163d861d159.txt,1,0.47421875,0.503125,0.56796875,0.91015625
00000219_jpg.rf.1ebdef9af454f210a125243de7ef83dd.txt,0,0.24296875,0.58203125,0.4421875,0.63515625
00000219_jpg.rf.1ebdef9af454f210a125243de7ef83dd.txt,0,0.73671875,0.66015625,0.50234375,0.4984375
00000219_jpg.rf.2ede3416b0c860b4cd323005af6a0521.txt,4,0.5140625,0.478125,0.725,0.7109375
00000219_jpg.rf.474f704034461a68749cd84ca539c06a.txt,2,0.4640625,0.51640625,0.5828125,0.9390625
00000220_jpg.rf.18ee3386154bed61920f47ceacd2a99f.txt,4,0.58125,0.484375,0.69296875,0.81171875
00000220_jpg.rf.7c42dab9c479ff13f53db8575e6899a2.txt,0,0.4984375,0.503125,0.96171875,0.94609375
00000220_jpg.rf.ba01fcf56981005bdd0099c4cd100a37.txt,2,0.49453125,0.77890625,0.4484375,0.34921875
00000221_jpg.rf.a91dd05afdb67ea08ac3adb233c3a8a6.txt,2,0.55078125,0.56328125,0.7265625,0.69609375
00000222_jpg.rf.577a699232d8362ca07310379ad754e9.txt,0,0.5203125,0.478125,0.68515625,0.321875
00000222_jpg.rf.5a65764aa924d0bd631e957312e3c278.txt,1,0.48984375,0.48125,0.65078125,0.940625
00000222_jpg.rf.dd768bf1d681c668d7a9214bd24231a8.txt,4,0.49765625,0.23984375,0.25390625,0.06875
00000222_jpg.rf.dd768bf1d681c668d7a9214bd24231a8.txt,4,0.32578125,0.3765625,0.6015625,0.4859375
00000223_jpg.rf.10b1962d3dcdef1f3a2ec8df6d424701.txt,0,0.55546875,0.41171875,0.8796875,0.8171875
00000223_jpg.rf.afe8f7dcca3a40af5fdb50769d4aa5db.txt,1,0.6265625,0.509375,0.496875,0.88046875
00000224_jpg.rf.4cf71149469a0235afdd2b46490f20a5.txt,2,0.48828125,0.475,0.86796875,0.8203125
00000224_jpg.rf.98e9d4107d09c728151cf237091adcc6.txt,1,0.5359375,0.5140625,0.6171875,0.953125
00000224_jpg.rf.98e9d4107d09c728151cf237091adcc6.txt,1,0.39453125,0.95,0.10859375,0.084375
00000224_jpg.rf.98e9d4107d09c728151cf237091adcc6.txt,1,0.38203125,0.17734375,0.30859375,0.28359375
00000224_jpg.rf.98e9d4107d09c728151cf237091adcc6.txt,1,0.45234375,0.61328125,0.11484375,0.390625
00000224_jpg.rf.abfa71ea1e2f0c4820e383e839411b3a.txt,4,0.259375,0.340625,0.34609375,0.3921875
00000225_jpg.rf.3c672a91bd0e5a5ddc603fc581599bd6.txt,0,0.4984375,0.51015625,0.78984375,0.8546875
00000225_jpg.rf.8923db668b1e76937992aa87ba7f2ce1.txt,4,0.51640625,0.42734375,0.41640625,0.275
00000225_jpg.rf.b8599ac9a523330dfca7332dbf038502.txt,2,0.5125,0.51796875,0.6421875,0.62421875
00000226_jpg.rf.80e0bdf24c5b5c1a2c9a0beed84bf006.txt,2,0.52109375,0.48515625,0.7796875,0.8828125
00000226_jpg.rf.c36821a0ba35af7b7d1187c142261815.txt,1,0.47578125,0.51953125,0.29296875,0.89296875
00000226_jpg.rf.ca19005f7eaf7dbe47d27a39fcae34da.txt,4,0.35390625,0.5953125,0.26953125,0.44765625
00000226_JPG.rf.d4fec97656fc7ec92d7272317b598cc6.txt,0,0.22421875,0.26796875,0.38671875,0.50859375
00000226_JPG.rf.d4fec97656fc7ec92d7272317b598cc6.txt,0,0.66484375,0.54375,0.603125,0.84921875
00000227_jpg.rf.2560e54b271e434f6a469ffca7859d39.txt,4,0.52265625,0.53359375,0.6171875,0.746875
00000228_jpg.rf.a59504b16626ce7db2ab4fb897627b51.txt,1,0.4875,0.4875,0.825,0.95
00000228_jpg.rf.dd148730d9a73c1575ce166dd7f040f8.txt,4,0.47890625,0.5859375,0.61171875,0.5578125
00000229_jpg.rf.214ef9d58e3abed1909c990f72ac1cdd.txt,2,0.5125,0.7046875,0.7359375,0.40859375
00000229_jpg.rf.f7ae09b539408f4a96bb8501cfe10359.txt,0,0.5109375,0.52265625,0.85703125,0.9046875
00000230_jpg.rf.6dd5999bd65facd7e196fea71b23599e.txt,0,0.5046875,0.4953125,0.75546875,0.9296875
00000230_jpg.rf.e5c80b99ebc6218fde4c42870c85f1b7.txt,1,0.4953125,0.72734375,0.28203125,0.4859375
00000231_jpg.rf.33e554d17d067dd4a1c48eac0d353fe4.txt,2,0.55546875,0.4671875,0.58828125,0.47578125
00000231_jpg.rf.33e554d17d067dd4a1c48eac0d353fe4.txt,2,0.80546875,0.31640625,0.08828125,0.175
00000231_jpg.rf.7c7c2ffe32bc9bb9143c334682872a5c.txt,1,0.46796875,0.4796875,0.390625,0.8375
00000231_jpg.rf.7c7c2ffe32bc9bb9143c334682872a5c.txt,1,0.59453125,0.2078125,0.13671875,0.2828125
00000231_jpg.rf.fea078b29bc808e0da3b103ff7b87522.txt,4,0.49609375,0.4875,0.7859375,0.96875
00000232_jpg.rf.a7b940425d71f23dd16f499575c268cb.txt,2,0.6171875,0.54375,0.4765625,0.49296875
00000233_jpg.rf.e59ccc0160425ab3978020b6e3de806c.txt,4,0.475,0.4921875,0.69609375,0.8109375
00000233_jpg.rf.f5d3d0260add248c9b0eeea6a3a497f3.txt,2,0.50859375,0.49765625,0.94921875,0.39765625
00000234_jpg.rf.12bb38a7f933f35fd7ee9f116d1b4068.txt,2,0.50234375,0.50859375,0.80078125,0.86875
00000234_jpg.rf.b395adc5df6df998f447c42d42f86769.txt,4,0.4984375,0.5828125,0.99453125,0.70859375
00000235_jpg.rf.10ff3204797f1d8dfe819b69128a9119.txt,4,0.509375,0.4953125,0.89765625,0.90234375
00000235_jpg.rf.907cc83b080bb5b35740fb2352756c30.txt,2,0.5,0.490625,0.9703125,0.9328125
00000235_jpg.rf.ef6f13c51837870e2132bf305480da08.txt,1,0.50703125,0.52421875,0.56953125,0.92890625
00000236_jpg.rf.7b0b1edc84b32fbff1abae1be9ba23da.txt,4,0.49765625,0.525,0.62890625,0.8328125
00000236_png.rf.33e111f125db800bd3ef62b09ceb9313.txt,2,0.49921875,0.50546875,0.89609375,0.77265625
00000237_jpg.rf.086a03f7b41edc2fe4d8b532e8a676c5.txt,1,0.484375,0.48046875,0.49140625,0.8359375
00000237_jpg.rf.ec9b9955998c6d58b3a47450c1062c16.txt,4,0.434375,0.54453125,0.4078125,0.8140625
00000238_jpg.rf.709e211915fc8376b184a437d0f8c34f.txt,4,0.5296875,0.4796875,0.6546875,0.853125
00000238_png.rf.97f7b7cf6d5a14aa25d4f33ed064889f.txt,2,0.49453125,0.45703125,0.83828125,0.76328125
00000240_jpg.rf.121629d0bcb00ac56698008cbc3e9a7b.txt,4,0.525,0.6140625,0.92578125,0.553125
00000240_jpg.rf.20c98b8d37cbf99bd8932ecdd636ae71.txt,2,0.3984375,0.58671875,0.1171875,0.65390625
00000242_jpg.rf.cfda121a54d02472dce9ca4f5d7afb98.txt,2,0.4796875,0.57578125,0.7546875,0.76484375
00000243_jpg.rf.83955de9aa7da34f26a3deb14f5db316.txt,0,0.559375,0.5,0.87265625,0.9890625
00000243_jpg.rf.919b4b5008d90e7ce99352af30faa583.txt,4,0.4984375,0.50234375,0.97734375,0.97578125
00000244_jpg.rf.4a30f8272f64cb91444d2b7b9ad098a6.txt,4,0.46015625,0.51640625,0.6828125,0.8640625
00000244_jpg.rf.f500f2d5184664756dbab35c85988ba3.txt,0,0.41171875,0.47578125,0.740625,0.89375
00000245_jpg.rf.a5598e8d146fb787d5573139fbfda333.txt,4,0.51015625,0.50703125,0.4125,0.95390625
00000245_png.rf.470f6c8e724d53f55e58e19d1f76ed9a.txt,0,0.4875,0.49453125,0.9328125,0.89765625
00000246_jpg.rf.61c638572ef122e22e085e3c8fbf1478.txt,2,0.52265625,0.50703125,0.66484375,0.853125
00000246_jpg.rf.fd1fb8033f89d085cdfaf5633877b0e3.txt,0,0.48046875,0.4859375,0.93828125,0.9375
00000246_jpg.rf.fd2a029c1813c5c0ab598da22e1a9adc.txt,1,0.546875,0.71171875,0.74765625,0.36484375
00000246_jpg.rf.fd2a029c1813c5c0ab598da22e1a9adc.txt,1,0.5453125,0.81328125,0.39609375,0.17265625
00000247_jpg.rf.55a5d8a447abc4fca1fc4654044f1d1a.txt,0,0.4640625,0.5046875,0.83359375,0.81953125
00000248_jpg.rf.11b3cdc7642c124d9716234a4d07b09a.txt,4,0.56171875,0.578125,0.41875,0.50859375
00000248_jpg.rf.49e1dbc4d54cf666ffb60f84113934e9.txt,0,0.4296875,0.49453125,0.8578125,0.9359375
00000249_jpg.rf.200497d89ed324289d3a56256b953fc3.txt,4,0.509375,0.525,0.71875,0.91953125
00000249_jpg.rf.6ef25c1c4bc3c8f67303ce1a36b919ca.txt,2,0.5,0.50625,0.975,0.5375
00000250_jpg.rf.41bb004ff5e064ba7fb9d887b3d3ab0d.txt,2,0.528125,0.484375,0.74296875,0.9140625
00000250_jpg.rf.41bb004ff5e064ba7fb9d887b3d3ab0d.txt,2,0.221875,0.4546875,0.1234375,0.14453125
00000250_jpg.rf.a62e2ebe089adcbaf9280b15739f49d7.txt,0,0.4796875,0.5890625,0.8171875,0.6328125
00000250_png.rf.0cd85413407020aa953e6327cd0b5f52.txt,4,0.5765625,0.5265625,0.79765625,0.72578125
00000251_jpg.rf.2b79b3b853380170250e886dc5254d68.txt,0,0.4640625,0.44140625,0.71875,0.8375
00000251_jpg.rf.466b71b0b72760fe308b358691cafb40.txt,2,0.52109375,0.4734375,0.890625,0.88359375
00000252_jpg.rf.db6a685a64d8331dee9a113a4ed9c7d4.txt,2,0.4734375,0.51953125,0.4859375,0.8609375
00000253_jpg.rf.4abd71e050272e0d156befa6b5480260.txt,4,0.51484375,0.521875,0.6515625,0.9109375
00000254_jpg.rf.6fdb318d8e233fa86a016da4c47ea334.txt,2,0.475,0.60234375,0.94765625,0.4359375
00000254_jpg.rf.f70402d0112e1fa90bfde965ad49bada.txt,0,0.51328125,0.48046875,0.6328125,0.78125
00000255_jpg.rf.076af0603a0d1ada2c0543690c69ff2a.txt,1,0.546875,0.496875,0.603125,0.96015625
00000255_jpg.rf.3f4cdcf926c3e68fe91d9cbbab61ce8b.txt,2,0.51875,0.64375,0.52265625,0.440625
00000256_jpg.rf.9e772ef460baca7cc01bdd6dd05fd1e1.txt,2,0.46015625,0.61015625,0.7703125,0.5546875
00000257_jpg.rf.13d5186f096b9a920bff68ebdb9c5af1.txt,2,0.43515625,0.47265625,0.8625,0.93828125
00000257_jpg.rf.4dbc8dca70fb756c9a58e83d8077b9a7.txt,4,0.4828125,0.39453125,0.78671875,0.5078125
00000258_jpg.rf.2103db2f2a11733126a8249eae312269.txt,4,0.5125,0.55078125,0.7765625,0.5671875
00000258_jpg.rf.3cec5147220f91ae95c4ef43afc48d06.txt,1,0.53046875,0.59609375,0.34453125,0.765625
00000258_jpg.rf.60fc464640eb824cec800de4f3d88046.txt,0,0.5015625,0.50703125,0.89609375,0.9140625
00000259_jpg.rf.d6d195079ab6251d693ad0a24af46b73.txt,4,0.50625,0.521875,0.621875,0.95546875
00000260_jpg.rf.168f841c56efb8f6ff36f69a719a39a2.txt,4,0.44296875,0.49921875,0.40546875,0.94296875
00000260_jpg.rf.dd6a8d468d0f43d92df5ba1301e9c0bb.txt,2,0.51875,0.58359375,0.2671875,0.63359375
00000261_jpg.rf.122afe73f5ea990dcf115dbc96cc8766.txt,2,0.5765625,0.3875,0.60703125,0.45
00000261_png.rf.20c6b509498137948ec7a9e68980cc4e.txt,1,0.5015625,0.5609375,0.571875,0.62578125
00000262_jpg.rf.0e162701e5f3a3287d1bc5b2c7a554df.txt,1,0.478125,0.49453125,0.85546875,0.95078125
00000262_jpg.rf.0e162701e5f3a3287d1bc5b2c7a554df.txt,1,0.8265625,0.89921875,0.1609375,0.14453125
00000262_jpg.rf.0e162701e5f3a3287d1bc5b2c7a554df.txt,1,0.12734375,0.7546875,0.16015625,0.08828125
00000263_png.rf.4a815e2ddc99cbd922c07d75595438b9.txt,2,0.496875,0.41328125,0.7171875,0.78125
00000264_jpg.rf.075888fef82f988e638bfbb5d6c2e7c7.txt,4,0.76328125,0.59375,0.4640625,0.7796875
00000264_jpg.rf.075888fef82f988e638bfbb5d6c2e7c7.txt,4,0.2109375,0.5,0.4,0.96640625
00000264_jpg.rf.5af57e4a43460f19c94e4480051331a6.txt,1,0.5796875,0.54296875,0.378125,0.86953125
00000264_jpg.rf.67812600308428ce25d6cf9875928767.txt,2,0.459375,0.4890625,0.646875,0.92421875
00000264_jpg.rf.67812600308428ce25d6cf9875928767.txt,2,0.72890625,0.51328125,0.10859375,0.15546875
00000264_jpg.rf.91f522ffed5870622d66048e4c805c0a.txt,0,0.50859375,0.51875,0.91328125,0.85703125
00000265_jpg.rf.4724d63e2c3b42694769773c63dba823.txt,4,0.453125,0.53984375,0.79921875,0.4921875
00000265_jpg.rf.e4b961f45d3e48cd4086ae2cdf60807e.txt,2,0.51953125,0.58359375,0.75859375,0.70078125
00000266_jpg.rf.5078dec8bfbec076b7abf0f00bb6bcba.txt,0,0.53515625,0.43203125,0.92109375,0.85703125
00000266_jpg.rf.7797aab38827283cbe97bc1b7c0659d0.txt,4,0.5671875,0.4875,0.6203125,0.9546875
00000268_jpg.rf.00c8da4f707f63b72599c967e130d511.txt,4,0.5578125,0.49609375,0.684375,0.9375
00000268_jpg.rf.df8ed9b6eafd43017750de506f6194c8.txt,0,0.43828125,0.5328125,0.5109375,0.66640625
00000269_jpg.rf.69cce65afbda6a87712a28184d1bacaf.txt,2,0.5078125,0.4890625,0.3609375,0.6765625
00000269_jpg.rf.937c797aa32e9489d7ee818594feebd5.txt,1,0.50078125,0.528125,0.478125,0.80234375
00000269_jpg.rf.95acbb0bb4dd4041f58f7a56b6754600.txt,4,0.41015625,0.56171875,0.79453125,0.6171875
00000270_jpg.rf.6d8023363ea1e113532a4d0a5177b425.txt,0,0.475,0.4890625,0.78125,0.503125
00000270_jpg.rf.b99d4fabcd6b47ca397639be35629c84.txt,1,0.50625,0.50625,0.9375,0.9375
00000270_jpg.rf.ca9cf6b740052677c7840bc603a57fe3.txt,2,0.453125,0.74140625,0.490625,0.39453125
00000271_jpg.rf.159443a0ee86f817dcad2241df9a76f0.txt,1,0.4953125,0.5109375,0.81640625,0.9765625
00000271_jpg.rf.159443a0ee86f817dcad2241df9a76f0.txt,1,0.80078125,0.90625,0.16171875,0.1453125
00000271_jpg.rf.4320bdc9c1c2102aa85b16bdbba8d2a9.txt,4,0.47734375,0.5796875,0.66875,0.52734375
00000272_jpg.rf.0d16c4e7a9a11ad8d590fdef136ed252.txt,1,0.49765625,0.6375,0.52109375,0.56640625
00000272_jpg.rf.9b1f402d33f15bcdf5b73c70bf35f192.txt,4,0.478125,0.4921875,0.42734375,0.91484375
00000272_png.rf.46eece8b4e5f5e79bbd076a2d0fd0379.txt,1,0.4984375,0.640625,0.5140625,0.546875
00000273_jpg.rf.2acc3ecfac9c081e1c1fb555b7e63132.txt,4,0.51796875,0.49296875,0.88203125,0.98515625
00000273_jpg.rf.6a7428d73c0c4d92a097eebb186c0084.txt,2,0.4828125,0.49453125,0.71640625,0.95859375
00000274_jpg.rf.01e793d7e1423ad7b60ba63e1f89ac0f.txt,2,0.890625,0.265625,0.13125,0.28359375
00000274_jpg.rf.01e793d7e1423ad7b60ba63e1f89ac0f.txt,2,0.4953125,0.54921875,0.92265625,0.85
00000274_jpg.rf.35c85e5b2baaa9cd46cbb08935d8829b.txt,0,0.48671875,0.79140625,0.2890625,0.36015625
00000275_jpg.rf.224e4fd82cca3fe70c751a8df7dd0ade.txt,4,0.48984375,0.496875,0.50703125,0.85390625
00000275_jpg.rf.b7f09c9ade6fe9773f9c54a586dd2d4a.txt,2,0.4828125,0.77421875,0.7859375,0.26171875
00000276_jpg.rf.2ef408d92af4ada312c8b86abcbdfd72.txt,2,0.503125,0.58046875,0.8484375,0.384375
00000276_jpg.rf.a39a5f608f6d9d9926e0492ee323092e.txt,1,0.45234375,0.4953125,0.26875,0.84296875
00000276_jpg.rf.a39a5f608f6d9d9926e0492ee323092e.txt,1,0.4609375,0.21953125,0.0921875,0.29140625
00000277_jpg.rf.206cd1ecb775e187901559c968c0e7f4.txt,2,0.44765625,0.6359375,0.675,0.5265625
00000277_jpg.rf.644d6ea89540b54e726b1eac416f86cd.txt,1,0.4984375,0.49453125,0.43515625,0.8609375
00000277_jpg.rf.644d6ea89540b54e726b1eac416f86cd.txt,1,0.315625,0.8390625,0.06875,0.10234375
00000277_jpg.rf.8133d20dd9eb4056570fdca5bbf3b473.txt,0,0.315625,0.5046875,0.43828125,0.77734375
00000278_jpg.rf.8e8cfe445b367787a5a242ec3b8e0e2d.txt,2,0.5640625,0.68203125,0.79140625,0.621875
00000278_png.rf.b526ee9f59edad7e0adf8308f5117a49.txt,1,0.5,0.5359375,0.2953125,0.5125
00000278_png.rf.b526ee9f59edad7e0adf8308f5117a49.txt,1,0.4984375,0.440625,0.1359375,0.1140625
00000279_jpg.rf.e44ffda153f80a6f22fe8eced422cd2a.txt,2,0.440625,0.73046875,0.84765625,0.5203125
00000281_jpg.rf.7c01f6d8330e486f0fe073a4fea778d2.txt,2,0.5875,0.69375,0.69609375,0.603125
00000281_jpg.rf.ae41d6fbcf844ee22387e10253b608c0.txt,0,0.51171875,0.37734375,0.83828125,0.3953125
00000281_PNG.rf.566bf7fee606629b3b2b15bbc7152466.txt,4,0.509375,0.52265625,0.89375,0.94609375
00000282_jpg.rf.dc65f8657f99bf309afde67010259f21.txt,2,0.5125,0.5515625,0.7875,0.68046875
00000283_jpg.rf.2ef223cecd321a145c14d14daa08d5f8.txt,4,0.51171875,0.4984375,0.4796875,0.97734375
00000283_jpg.rf.50f9ad40593390022a87fbeb49d17094.txt,2,0.546875,0.53515625,0.7125,0.771875
00000284_jpg.rf.c525c7bd430dfd48ab79ae319250b8bd.txt,2,0.46796875,0.70546875,0.7203125,0.57265625
00000285_jpg.rf.7d95d104943ea09d254689b9264d116b.txt,4,0.459375,0.5203125,0.55546875,0.834375
00000286_jpg.rf.850d3fbf1370cc63c9e4f2d539b6e0da.txt,0,0.51171875,0.534375,0.9390625,0.62109375
00000287_jpg.rf.20b97a37aa3701382dc82246af763adb.txt,0,0.5234375,0.46171875,0.596875,0.82265625
00000287_png.rf.8dc8f2c235426e2a8bc6c5b4121678d4.txt,0,0.5234375,0.4640625,0.59296875,0.8171875
00000287_png.rf.f0530459066a49d23bbf7caf03b16491.txt,4,0.51640625,0.49921875,0.77421875,0.99375
00000288_jpg.rf.0597a75db65efa1e79c369d6616eb5a7.txt,0,0.4921875,0.68984375,0.50703125,0.4515625
00000288_jpg.rf.74c77ced35a228627f10c88b448b248a.txt,2,0.48515625,0.74296875,0.55390625,0.48125
00000289_jpg.rf.5cc3c7e3ac8a7293ef30dd34b2360392.txt,4,0.5,0.5453125,0.69765625,0.8234375
00000289_jpg.rf.622633af73cd7d6395401f3249b868b3.txt,1,0.5,0.5328125,0.3,0.52578125
00000289_jpg.rf.622633af73cd7d6395401f3249b868b3.txt,1,0.4984375,0.4390625,0.140625,0.12265625
00000289_jpg.rf.9cb182d8aec7517a1f7a779a3e925809.txt,2,0.4671875,0.665625,0.825,0.6015625
00000289_jpg.rf.9cb182d8aec7517a1f7a779a3e925809.txt,2,0.80859375,0.478125,0.1390625,0.22421875
00000289_jpg.rf.effa1c144c10133938879c7dae988203.txt,0,0.56484375,0.575,0.75390625,0.8265625
00000290_jpg.rf.534340ca32a5dc6090a8bf1fccae6d2c.txt,1,0.4609375,0.55625,0.653125,0.865625
00000290_png.rf.6e6e390514ac2b8f4ead94dc1ef6ba72.txt,2,0.521875,0.4984375,0.93671875,0.98359375
00000290_png.rf.d3fd881ae0a21d69d0b5a66742df1f29.txt,0,0.65,0.59296875,0.546875,0.68046875
00000291_jpg.rf.725494f09c13c2815df10ea875fa24b0.txt,4,0.5,0.471875,0.91640625,0.89140625
00000291_jpg.rf.7c3ae63e82c585c6b2e73443ec0d53ac.txt,1,0.49765625,0.48203125,0.23203125,0.421875
00000291_jpg.rf.e5ef5601becfffee5b95a5ce8e51efe4.txt,2,0.50234375,0.4796875,0.94453125,0.6953125
00000292_jpg.rf.48abfaf4beb2c2028cac2090b80c2d01.txt,0,0.553125,0.5,0.73984375,0.76640625
00000292_jpg.rf.690e9101c215aa1541ef2419ebafe291.txt,2,0.48828125,0.5015625,0.884375,0.42109375
00000292_jpg.rf.690e9101c215aa1541ef2419ebafe291.txt,2,0.8546875,0.371875,0.14921875,0.16171875
00000293_jpg.rf.ec5fdf689c366af808ab2231335896c5.txt,0,0.49296875,0.515625,0.90234375,0.82265625
00000294_jpg.rf.93f4b21f9bc404d708f70df04a7a25d4.txt,4,0.4703125,0.47890625,0.33125,0.9109375
00000294_jpg.rf.dd991e1390086e63ceeafb25eac4ecd4.txt,0,0.5203125,0.54140625,0.7,0.82734375
00000294_png.rf.079105b62b404b12b080c4f60f53be65.txt,2,0.49921875,0.49921875,0.85625,0.85078125
00000295_jpg.rf.142659453326e1e3f88e2a0ed0eb4bdb.txt,0,0.4375,0.5984375,0.853125,0.60078125
00000295_jpg.rf.e26a5c9db1e8a722f48ccfeff007d695.txt,2,0.43046875,0.5296875,0.8171875,0.8578125
00000296_jpg.rf.e295011466965c43ba59477f13908b89.txt,1,0.515625,0.48671875,0.521875,0.746875
00000296_jpg.rf.e3e6d6c7d7b82128870c9ff0fcab4ff5.txt,2,0.54921875,0.50625,0.53984375,0.98515625
00000296_jpg.rf.f766ceed350facaa1b9990f6d18e07c9.txt,4,0.54765625,0.503125,0.63203125,0.68359375
00000297_jpg.rf.970664dd331e9286bc385542f438836a.txt,2,0.459375,0.496875,0.83125,0.7296875
00000297_jpg.rf.eb2332c581958acddb5b6d351921b6ce.txt,0,0.4640625,0.515625,0.75390625,0.85390625
00000298_jpg.rf.1f4c45eb9eead22318fbb1d50582e767.txt,2,0.51640625,0.53828125,0.5828125,0.47734375
00000298_jpg.rf.8ed427ce25cfdae5346d2b96d2fdac28.txt,1,0.534375,0.6640625,0.76171875,0.515625
00000298_jpg.rf.8ed427ce25cfdae5346d2b96d2fdac28.txt,1,0.725,0.484375,0.2296875,0.13984375
00000298_jpg.rf.8ed427ce25cfdae5346d2b96d2fdac28.txt,1,0.21328125,0.89609375,0.1234375,0.05
00000298_jpg.rf.8ed427ce25cfdae5346d2b96d2fdac28.txt,1,0.85234375,0.89140625,0.125,0.05234375
00000300_jpg.rf.04cacb2a15e39555f5d048be7402065b.txt,0,0.5328125,0.50234375,0.853125,0.93671875
00000301_jpg.rf.14e5c42528626601c7d5f147d7d00e00.txt,4,0.51015625,0.60078125,0.75703125,0.63515625
00000301_jpg.rf.35fa7f388b42e3552f546902d4837760.txt,0,0.51484375,0.48515625,0.68359375,0.86796875
00000301_JPG.rf.ed735b889b3c04792835a3d553fa9de9.txt,1,0.528125,0.53203125,0.60703125,0.7265625
00000302_jpg.rf.200b5b378d4d9c163d53baa8801c1825.txt,4,0.5125,0.66875,0.7578125,0.60859375
00000303_jpg.rf.17816fa00b5e86094e72778dcbb9024c.txt,1,0.5515625,0.4984375,0.53359375,0.996875
00000303_jpg.rf.84f7de35c9bab01da0d0a6c2c5bd32c5.txt,4,0.48515625,0.5125,0.66328125,0.934375
00000303_jpg.rf.98baf3a585ad8ac6d547b7e3d902f76a.txt,0,0.48046875,0.4765625,0.646875,0.8328125
00000304_jpg.rf.c3e11621182079440db1bea54b873ba0.txt,1,0.49296875,0.521875,0.53515625,0.840625
00000304_jpg.rf.ff217719bc5a86f5889fb5c8006a20d9.txt,0,0.4765625,0.484375,0.80390625,0.76953125
00000305_jpg.rf.757d4860f002ddaae7027db8e9c0a106.txt,2,0.50390625,0.17421875,0.61953125,0.30703125
00000305_jpg.rf.757d4860f002ddaae7027db8e9c0a106.txt,2,0.4671875,0.67109375,0.634375,0.5921875
00000305_png.rf.d771f9c61d0aa17226a339d89e1303f3.txt,0,0.42734375,0.503125,0.4546875,0.93984375
00000306_jpg.rf.18a624d7b94110145d38daf6b8a818ad.txt,2,0.509375,0.46171875,0.390625,0.7140625
00000306_jpg.rf.947f95cd43e16592dae21b21eb2a1885.txt,0,0.5234375,0.490625,0.81328125,0.2984375
00000307_jpg.rf.8f1d52f9ebdbb9c6e91e0899dc040757.txt,1,0.46875,0.62265625,0.59765625,0.60703125
00000307_png.rf.67f4ad5e6a83a2806da25caca94e5e67.txt,2,0.48984375,0.72890625,0.65234375,0.36875
00000308_jpg.rf.948341572dce627c5609a3d32ab852ad.txt,2,0.54765625,0.4375,0.86640625,0.7125
00000308_jpg.rf.e61fea681d68542a58995acff4052725.txt,1,0.51328125,0.453125,0.46484375,0.78046875
00000308_jpg.rf.f7809a6e35b834e6538e20444e353eba.txt,0,0.4921875,0.4484375,0.61484375,0.53359375
00000309_jpg.rf.96a3574a637f004bbe9d50f2e3060f82.txt,4,0.375,0.61640625,0.465625,0.70859375
00000310_jpg.rf.8281d4b4569627773e913f90e9c2be45.txt,1,0.4921875,0.60703125,0.36015625,0.68984375
00000310_png.rf.4670539f8a37a39ba1f7c2033ae51fa4.txt,0,0.49609375,0.5171875,0.71796875,0.8078125
00000311_jpg.rf.41e2c640855bd8b65986764e3b7204f4.txt,4,0.45234375,0.35703125,0.6640625,0.5765625
00000311_jpg.rf.ce1001bd724dcf309848a0a2c38cf30d.txt,2,0.51171875,0.50546875,0.9390625,0.90234375
00000313_jpg.rf.5642fae3ea14cc5ddbc3540635efa482.txt,4,0.3125,0.55703125,0.18828125,0.80546875
00000313_jpg.rf.c726cab9ff4197f9543a3c1cb6e677bd.txt,2,0.49765625,0.61015625,0.77890625,0.62578125
00000313_jpg.rf.edf1bb4babafd5a1f940e020bca42cc5.txt,1,0.465625,0.5203125,0.575,0.5375
00000314_jpg.rf.39ae2f3b7e4e8122542261ee4b31c2a4.txt,4,0.4984375,0.5421875,0.959375,0.621875
00000315_jpg.rf.182b41017ea566bf81b23f5e27e56e12.txt,4,0.52109375,0.515625,0.51640625,0.83984375
00000316_jpg.rf.5eb0eb9d3411312487daffb3cd686f3b.txt,1,0.4984375,0.53046875,0.99375,0.72578125
00000316_jpg.rf.e73b7882ad0ba39b0fa029b77fe2a573.txt,2,0.47265625,0.48984375,0.696875,0.5484375
00000317_jpg.rf.f2523e869eefa30d04e3cf0076a8f48c.txt,1,0.515625,0.55625,0.26953125,0.65234375
00000317_jpg.rf.f2523e869eefa30d04e3cf0076a8f48c.txt,1,0.59765625,0.35390625,0.078125,0.221875
00000317_jpg.rf.f2523e869eefa30d04e3cf0076a8f48c.txt,1,0.43671875,0.34453125,0.07421875,0.22578125
00000318_jpg.rf.976a37c270ef9b3511f977455a4b983f.txt,2,0.503125,0.4734375,0.96171875,0.81640625
00000319_jpg.rf.2ee2d030e64c8929be3fbc5a4079e1d7.txt,2,0.48359375,0.32734375,0.790625,0.2578125
00000319_jpg.rf.862df70695ee107283193f10949000d4.txt,4,0.49609375,0.5015625,0.73828125,0.984375
00000319_jpg.rf.e4e35f0174c20246f47e51ddb0c255ed.txt,0,0.51015625,0.5296875,0.9,0.69140625
00000320_jpg.rf.52db264936c6774973381f0cbf6e4e88.txt,4,0.571875,0.53828125,0.571875,0.7640625
00000321_jpg.rf.a0c2ca52b194821bd5d240fcd0b0f9bd.txt,4,0.46171875,0.56171875,0.5671875,0.72890625
00000321_jpg.rf.c05e6f10f8fcae500f81462b7afbc2a9.txt,2,0.52421875,0.5671875,0.7328125,0.53359375
00000322_jpg.rf.889607c79f7a004bb0ea1c63028fb48f.txt,4,0.49375,0.540625,0.54609375,0.83046875
00000322_png.rf.cd5454e0e0dfbddfb4d19d5c8a85c0f8.txt,2,0.4640625,0.5234375,0.84375,0.7625
00000323_jpg.rf.16f149d06faa2ea5708ae3b0f918e211.txt,2,0.50234375,0.49453125,0.74765625,0.89375
00000324_jpg.rf.82c2476f49c156cae7a94ae30b12ff6a.txt,2,0.515625,0.54765625,0.85625,0.6609375
00000325_jpg.rf.ad0f6d51ec1933b37a04ff9c497f974d.txt,0,0.4828125,0.5,0.78671875,0.98984375
00000326_jpg.rf.2146124e1adc1eca8c1c2d5a21f5e33d.txt,0,0.51171875,0.490625,0.93203125,0.96953125
00000326_jpg.rf.392278c6ca908546b34082e9bf0493f5.txt,2,0.44375,0.49609375,0.46875,0.60625
00000327_jpg.rf.072d86f24f037c008081ebbc6dc00ba7.txt,0,0.45234375,0.5078125,0.64375,0.84921875
00000327_jpg.rf.58f1808749dff80e1bcde32d285a59d0.txt,2,0.5,0.5109375,1,0.51015625
00000328_jpg.rf.29942b5c948e926dbfff27df6b5ba478.txt,2,0.4859375,0.6109375,0.73046875,0.615625
00000328_jpg.rf.be833d3d1021088eae3439b3c463d315.txt,0,0.51171875,0.48359375,0.896875,0.91171875
00000329_jpg.rf.63bfa7dbaa35cdc70190fd3929784dfe.txt,2,0.47578125,0.54921875,0.7671875,0.73203125
00000329_jpg.rf.63bfa7dbaa35cdc70190fd3929784dfe.txt,2,0.78671875,0.60546875,0.14296875,0.1328125
00000329_jpg.rf.938991f2d63742fe1d00b95f2031104b.txt,4,0.49921875,0.53046875,0.37265625,0.84609375
00000329_jpg.rf.aa2501719b597b826c93f71ef68253cb.txt,0,0.425,0.5015625,0.7890625,0.97265625
00000329_jpg.rf.ab72e89c51feb11740fa8a720563cfa3.txt,1,0.1703125,0.325,0.2796875,0.31484375
00000330_jpg.rf.f2e28d2b002bd5945473fd1417f8c106.txt,0,0.4859375,0.5125,0.9015625,0.80625
00000330_png.rf.2f06dc7f76fe78c1b57d440c6c641e6c.txt,2,0.4921875,0.55234375,0.90703125,0.69375
00000331_jpg.rf.71024e15737dbdff2f36a6da4a92516e.txt,2,0.515625,0.4765625,0.62890625,0.80625
00000331_png.rf.ba964c09da9b3e2cf892b21fe5a96310.txt,4,0.465625,0.48828125,0.44140625,0.42421875
00000332_jpg.rf.13dc05e8b89f8b1c92115559b20062bb.txt,0,0.49375,0.4859375,0.8,0.76171875
00000332_jpg.rf.6e2063e20fd37b367ff304d60fe318fa.txt,2,0.57109375,0.49140625,0.72578125,0.9703125
00000333_jpg.rf.4b1b6d708dd7703758f65155236bac32.txt,2,0.50546875,0.4703125,0.7375,0.83203125
00000333_jpg.rf.4b6e67c30aa51d60af2c03146bb95b04.txt,4,0.64609375,0.5234375,0.38203125,0.8609375
00000333_jpg.rf.b349d93703e191f053aa608d0d0d8dda.txt,0,0.6078125,0.51875,0.5,0.68828125
00000334_jpg.rf.4c0e70e2bd21a51ae7bacc0fc444dd36.txt,4,0.525,0.48671875,0.671875,0.778125
00000334_jpg.rf.a3f0af8f1700de9f026d600209ef511b.txt,0,0.50546875,0.49375,0.9015625,0.80078125
00000334_jpg.rf.aa192c21c767ff6d7bf800290c233b7a.txt,1,0.46875,0.56484375,0.84375,0.37890625
00000334_jpg.rf.aa192c21c767ff6d7bf800290c233b7a.txt,1,0.50625,0.64453125,0.42734375,0.21953125
00000335_jpg.rf.057d1067bc66c5fdc3f1795078e83b44.txt,0,0.53125,0.64453125,0.63984375,0.3765625
00000335_jpg.rf.ae4d8f651e5d3e4f5aebdaa5879469a9.txt,2,0.5015625,0.6921875,0.984375,0.4515625
00000335_jpg.rf.ae4d8f651e5d3e4f5aebdaa5879469a9.txt,2,0.91875,0.590625,0.15078125,0.19453125
00000336_jpg.rf.48a13d2c906a2310fa26d145c8fefb84.txt,2,0.475,0.49609375,0.89296875,0.98515625
00000336_jpg.rf.da5bdecf070eba96ccb11e8592257bc7.txt,1,0.509375,0.56796875,0.48828125,0.484375
00000337_jpg.rf.45a295e027f849499b6ba91f0e30f76c.txt,2,0.42734375,0.70078125,0.53515625,0.43515625
00000337_jpg.rf.feacacd4b2746c828b7345589c472a8c.txt,0,0.4890625,0.45859375,0.7796875,0.634375
00000337_jpg.rf.ffea9502282caea6e223ae8f271da947.txt,4,0.30546875,0.47265625,0.5234375,0.85390625
00000337_jpg.rf.ffea9502282caea6e223ae8f271da947.txt,4,0.7609375,0.453125,0.41796875,0.84609375
00000338_jpg.rf.2507b49634e63f79d0ef65c75a03fa14.txt,0,0.4703125,0.51328125,0.88828125,0.9359375
00000338_jpg.rf.8b0dfd85d964f137e6f69df08099055d.txt,4,0.590625,0.4734375,0.71171875,0.925
00000338_jpg.rf.d2a09598631af8c22e1213cbc3e39a20.txt,2,0.55,0.5546875,0.840625,0.5140625
00000339_jpg.rf.caf9c28c183823f6fac66e0d3ae4652a.txt,4,0.5140625,0.56953125,0.434375,0.57578125
00000339_jpg.rf.e8fb2d3639461424df6af6adb1a1fadc.txt,2,0.45,0.60859375,0.64765625,0.5453125
00000339_jpg.rf.e8fb2d3639461424df6af6adb1a1fadc.txt,2,0.715625,0.5703125,0.11171875,0.09765625
00000340_jpg.rf.6b53345c4d5437b8f79833048549e043.txt,2,0.5015625,0.46484375,0.7671875,0.4203125
00000340_jpg.rf.6b53345c4d5437b8f79833048549e043.txt,2,0.1984375,0.3484375,0.1625,0.17734375
00000340_jpg.rf.81ca35686a3b727117da1f6d58972da5.txt,0,0.50546875,0.50234375,0.80625,0.9421875
00000341_jpg.rf.783ab2bf6558e10e80708b7b30ec59d3.txt,4,0.496875,0.528125,0.33203125,0.825
00000341_jpg.rf.7e1b992c72873a1c76aeedfefbb401f8.txt,0,0.58515625,0.48203125,0.76484375,0.79765625
00000341_jpg.rf.94977645ed0255f579d33a4c7d85a91d.txt,2,0.51484375,0.4625,0.83515625,0.43828125
00000342_jpg.rf.6e08b1caa7d4f5a15183944fbd050da4.txt,0,0.5140625,0.46640625,0.75,0.634375
00000342_jpg.rf.c97f154b5737f3c1249fbb21d26e5c11.txt,4,0.50703125,0.5828125,0.53671875,0.51328125
00000343_jpg.rf.0f80d60591cea4effe20891310552823.txt,1,0.50625,0.5671875,0.36875,0.7296875
00000343_jpg.rf.15573586a619371d222af1b8bc76a50f.txt,0,0.484375,0.496875,0.940625,0.96015625
00000343_jpg.rf.ec2e7b4ea862f39a59f652e8853e3cbc.txt,4,0.4828125,0.47890625,0.8015625,0.9515625
00000344_jpg.rf.5b6b3fbaaba6a3089f0cbd483d863cc7.txt,0,0.534375,0.359375,0.5359375,0.65859375
00000344_jpg.rf.df8ff4fd228421bd419ac1b6a64d1d45.txt,4,0.50625,0.54140625,0.71328125,0.74609375
00000345_jpg.rf.5702df5a46547d11f9a58cd1c3080bb0.txt,2,0.4578125,0.7390625,0.89765625,0.30859375
00000345_jpg.rf.b10b769755b73529015451a9929b1e6a.txt,1,0.50078125,0.521875,0.34609375,0.91328125
00000345_png.rf.c4281bcb9d808bd3cc2cf63a758132ea.txt,0,0.48515625,0.709375,0.5234375,0.4078125
00000346_jpg.rf.02789872e0eee32d079fcef4748d3fca.txt,1,0.503125,0.54375,0.59609375,0.65703125
00000346_jpg.rf.b1222597ff95996c1dac878fdc596648.txt,0,0.4828125,0.48359375,0.74765625,0.85703125
00000347_jpg.rf.4ced177624a339437edaddecd451e469.txt,0,0.45,0.459375,0.89296875,0.6546875
00000347_jpg.rf.f1c4a8f4ad867d9d0e5905843c8af2f3.txt,4,0.52265625,0.659375,0.38359375,0.48671875
00000348_jpg.rf.3a69be00ad2cda86a73ba440eadef061.txt,2,0.5203125,0.471875,0.7890625,0.9359375
00000348_jpg.rf.8c1d475c21a8b6ea0687cc4540e37e17.txt,4,0.48515625,0.546875,0.78203125,0.7328125
00000349_jpg.rf.72c5a73005ba2731da685a090244320a.txt,1,0.48046875,0.49765625,0.396875,0.88984375
00000349_jpg.rf.72c5a73005ba2731da685a090244320a.txt,1,0.328125,0.671875,0.0640625,0.09609375
00000352_jpg.rf.a021b1b5b9da80134f7cd82da53553df.txt,0,0.496875,0.478125,0.853125,0.90859375
00000352_jpg.rf.b0e38ef0802c99db3bd3c4c2f61fe5ba.txt,4,0.23515625,0.68125,0.39296875,0.621875
00000353_jpg.rf.167d18cc20e8d2fb199005f512b962e1.txt,0,0.51953125,0.50078125,0.5046875,0.84765625
00000353_jpg.rf.2262138e8bf903dd5882ea14531f3e5f.txt,2,0.49296875,0.4796875,0.9859375,0.959375
00000353_jpg.rf.3d8d1ad29e746fba2ace2e2b73f42c16.txt,4,0.553125,0.578125,0.3640625,0.54453125
00000354_jpg.rf.c165ed830816dd209b20818bce28971a.txt,0,0.6203125,0.453125,0.72265625,0.8875
00000354_jpg.rf.d3ff16b5fac1763a007e5218508f55f4.txt,2,0.48125,0.478125,0.809375,0.89375
00000355_jpg.rf.62d0449da9194c31c37d25d332704182.txt,0,0.5984375,0.4171875,0.76171875,0.7640625
00000355_jpg.rf.b0af057ba2c49ee21c2094955f4e5e3c.txt,2,0.50546875,0.59765625,0.91484375,0.74765625
00000355_jpg.rf.b0af057ba2c49ee21c2094955f4e5e3c.txt,2,0.88203125,0.35078125,0.1578125,0.2546875
00000356_jpg.rf.9fd4a6f05f6bce8c301df6ea282894b9.txt,2,0.48984375,0.5015625,0.6171875,0.93125
00000357_jpg.rf.09f9b5a955be5fd9ab8b8c234d6c1d4d.txt,2,0.4578125,0.46953125,0.6890625,0.546875
00000357_jpg.rf.ab0c128cd42b0fde69e40bbe1e6bf26e.txt,1,0.47578125,0.5859375,0.7859375,0.728125
00000357_jpg.rf.ab0c128cd42b0fde69e40bbe1e6bf26e.txt,1,0.78125,0.91640625,0.17265625,0.06484375
00000357_jpg.rf.ab0c128cd42b0fde69e40bbe1e6bf26e.txt,1,0.74921875,0.35,0.225,0.23828125
00000358_jpg.rf.c808e86ed86dc8486657d671c64fb087.txt,1,0.5,0.61171875,0.4,0.65
00000358_jpg.rf.d2c557c14f9250923f0bacb3fe0d7c94.txt,0,0.4765625,0.55703125,0.903125,0.7546875
00000359_JPG.rf.31fe3b17b919354a1bd9e8b292b380dc.txt,2,0.58828125,0.59609375,0.78515625,0.79296875
00000359_jpg.rf.f922939cb4b88e58cda6fa61950ec870.txt,4,0.53125,0.55703125,0.7640625,0.8296875
00000360_jpg.rf.c045847608b2cd1ee80580a03fdb1f47.txt,2,0.59765625,0.6875,0.7453125,0.50078125
00000360_jpg.rf.c81b86ea6be1b072931a51b5c72ee452.txt,1,0.4921875,0.490625,0.321875,0.7828125
00000360_jpg.rf.c81b86ea6be1b072931a51b5c72ee452.txt,1,0.42578125,0.2640625,0.065625,0.32109375
00000360_jpg.rf.c81b86ea6be1b072931a51b5c72ee452.txt,1,0.55,0.2625,0.065625,0.32109375
00000361_jpg.rf.0e9ec4923f711c4966d2ff762acfa96e.txt,2,0.52421875,0.44453125,0.60546875,0.79296875
00000361_jpg.rf.4a4c20a47e4d321d2b213155c99bf9ac.txt,4,0.5234375,0.51015625,0.853125,0.9625
00000362_jpg.rf.8e8740e8544e50e5a78bf33f11d1cd2b.txt,0,0.4484375,0.5859375,0.88984375,0.76015625
00000362_jpg.rf.df9db6ed5f330b44ce277135bc65f28c.txt,2,0.5328125,0.46015625,0.64296875,0.84375
00000363_jpg.rf.32355bbd87290a27f67ce9a20827c4b7.txt,2,0.540625,0.49453125,0.8875,0.9390625
00000363_jpg.rf.43474c7edf8f0b23af0f655f5d5e63a8.txt,1,0.40859375,0.51171875,0.4265625,0.959375
00000365_jpg.rf.6beb50ddaf8cc1976e7338f91bf59dc0.txt,0,0.61484375,0.66015625,0.50546875,0.35703125
00000365_jpg.rf.88c6f2530640c63f1918b388392bcc4b.txt,4,0.4921875,0.48984375,0.68359375,0.91796875
00000366_jpg.rf.6abdc4244c1ddc8834dff3ec843c73c2.txt,4,0.52265625,0.475,0.71015625,0.515625
00000366_png.rf.3b108f256a02409402e64549098c534d.txt,0,0.515625,0.55078125,0.7109375,0.6765625
00000367_jpg.rf.a7313880a181d22b96eb985135ff7841.txt,4,0.54375,0.61484375,0.6671875,0.57734375
00000367_jpg.rf.aed5b312aca39a6c00899e2126cc8e54.txt,0,0.5,0.4921875,0.9796875,0.90546875
00000368_jpg.rf.066521d64eb14b1a6090d58315cd0f68.txt,4,0.41953125,0.55546875,0.68515625,0.621875
00000370_jpg.rf.a7a284086c12f472c7ee9a8742688f8b.txt,0,0.25234375,0.49296875,0.478125,0.63203125
00000370_jpg.rf.a7a284086c12f472c7ee9a8742688f8b.txt,0,0.7484375,0.51953125,0.478125,0.62265625
00000370_jpg.rf.fd6708d7dd2eb871e12f873dbfd7aaa1.txt,2,0.459375,0.55625,0.82890625,0.80546875
00000372_jpg.rf.f38651d354be9fea6b4cc708063c89e5.txt,0,0.4734375,0.49609375,0.89453125,0.96875
00000374_jpg.rf.e941b19d1904596d2807f8caa4ea1f85.txt,1,0.5015625,0.55234375,0.75703125,0.7265625
00000374_jpg.rf.e941b19d1904596d2807f8caa4ea1f85.txt,1,0.2796875,0.32109375,0.234375,0.2421875
00000374_jpg.rf.e941b19d1904596d2807f8caa4ea1f85.txt,1,0.79296875,0.88359375,0.17421875,0.05078125
00000374_jpg.rf.f1557247d4aef91fa18960307b61fc3b.txt,4,0.521875,0.49609375,0.50390625,0.94921875
00000375_jpg.rf.20a2bbd7ca3dc3b94450023e55a5f138.txt,1,0.4859375,0.5328125,0.58125,0.78359375
00000375_jpg.rf.20a2bbd7ca3dc3b94450023e55a5f138.txt,1,0.5125,0.58203125,0.43125,0.46640625
00000375_jpg.rf.eb22bac0b3b90fcefd4efb133b4ad741.txt,0,0.49140625,0.51328125,0.9015625,0.78203125
00000376_jpg.rf.7c5bc73bc5bc06a0eadd5d1ec73627b8.txt,0,0.35703125,0.6078125,0.53203125,0.5203125
00000377_jpg.rf.be3f4511f82dfdccbbb32ddeef079843.txt,1,0.74765625,0.68671875,0.271875,0.61796875
00000377_jpg.rf.bf58aa33f924c6b4aed5f1e3d95a8400.txt,0,0.51953125,0.4953125,0.87421875,0.93828125
00000377_png.rf.95d7be43ec19c392bc80c5cef343af24.txt,4,0.4984375,0.47734375,0.9375,0.51328125
00000378_jpg.rf.6097f44909973bb562726df24e3ce4e5.txt,0,0.52265625,0.49453125,0.925,0.89765625
00000378_jpg.rf.69d2a599dbadb660e8065fad913a4a10.txt,2,0.49921875,0.50078125,0.7046875,0.340625
00000378_jpg.rf.9bcbaa25e320a9a7560c96a44a80487e.txt,1,0.51484375,0.4984375,0.63203125,0.96171875
00000378_jpg.rf.9bcbaa25e320a9a7560c96a44a80487e.txt,1,0.73359375,0.92578125,0.10078125,0.07734375
00000379_jpg.rf.11b51558e0c0cf30436819b6cb04dcfa.txt,0,0.4984375,0.48046875,0.940625,0.871875
00000379_jpg.rf.e38e3e30b498c4581ab9d2adbebe3615.txt,1,0.49375,0.5,0.9875,0.95
00000379_png.rf.ac9adef71559b7810860217420237397.txt,0,0.4984375,0.48046875,0.94140625,0.8703125
00000380_jpg.rf.7ba0f4beb41d3bbfe6ce27a025a73189.txt,1,0.515625,0.55625,0.2703125,0.65234375
00000380_jpg.rf.7ba0f4beb41d3bbfe6ce27a025a73189.txt,1,0.596875,0.35390625,0.07734375,0.221875
00000380_jpg.rf.7ba0f4beb41d3bbfe6ce27a025a73189.txt,1,0.43671875,0.34453125,0.07421875,0.22578125
00000380_jpg.rf.e1d890e3d7aae896e08cf40441c9265f.txt,2,0.4703125,0.65859375,0.784375,0.534375
00000381_jpg.rf.b2da266d9d475daa0af8954b7439024a.txt,1,0.5,0.528125,0.8796875,0.7484375
00000381_jpg.rf.b2da266d9d475daa0af8954b7439024a.txt,1,0.85859375,0.86796875,0.16328125,0.06640625
00000382_jpg.rf.54c6a164195451851fb02aa01c531e29.txt,0,0.46484375,0.528125,0.63125,0.471875
00000382_jpg.rf.f0aa8d19754a19e37dd915fb6039a54b.txt,4,0.546875,0.246875,0.59921875,0.478125
00000382_jpg.rf.f0aa8d19754a19e37dd915fb6039a54b.txt,4,0.57578125,0.7453125,0.578125,0.50234375
00000384_jpg.rf.3522fde2a6d5146e290025170124856f.txt,1,0.528125,0.56875,0.53125,0.65
00000384_jpg.rf.7855aac2c0c02f3f3e6bd17987db97c5.txt,2,0.49921875,0.425,0.91640625,0.64296875
00000384_jpg.rf.7855aac2c0c02f3f3e6bd17987db97c5.txt,2,0.8703125,0.2203125,0.171875,0.23125
00000384_jpg.rf.96fc8a179444dea5dd7577bc21285fd0.txt,4,0.54453125,0.50625,0.61171875,0.9375
00000385_jpg.rf.5cb8a3adde3c57c42f167dcdce1dc05c.txt,4,0.48671875,0.43203125,0.740625,0.83125
00000385_png.rf.17b4b4990135b54fe34c25b1a6f3ac87.txt,0,0.46328125,0.52109375,0.81171875,0.89140625
00000386_jpg.rf.d68a9fd20c14aad854b77856d2eb98c7.txt,2,0.3359375,0.7203125,0.503125,0.50703125
00000386_jpg.rf.d68a9fd20c14aad854b77856d2eb98c7.txt,2,0.7,0.6359375,0.44765625,0.47421875
00000387_jpeg.rf.ecd95b337de9fe18971af19656a1a952.txt,2,0.4984375,0.5,0.98671875,0.97578125
00000387_jpg.rf.064fd33ff139dbc58c753501543bde67.txt,4,0.525,0.67890625,0.81015625,0.6375
00000388_png.rf.c16a095bf41cafdc4f5f1b4f2155f8d2.txt,2,0.44453125,0.6921875,0.4859375,0.3375
00000389_jpg.rf.e680b11d68438385946af087187ba6af.txt,1,0.4890625,0.5484375,0.6015625,0.8421875
00000389_jpg.rf.e680b11d68438385946af087187ba6af.txt,1,0.34453125,0.4203125,0.16484375,0.425
00000389_jpg.rf.e680b11d68438385946af087187ba6af.txt,1,0.63984375,0.425,0.15703125,0.425
00000390_jpg.rf.a811be03f373f5dc5c96fb820bfcde87.txt,2,0.51796875,0.45390625,0.8265625,0.56484375
00000390_jpg.rf.e6bc1b99be097d12373cc2a65c82dbeb.txt,4,0.5296875,0.49609375,0.878125,0.8375
00000391_jpg.rf.3ad51946a6e17380bd7327499283dd6f.txt,2,0.5109375,0.5875,0.9375,0.6
00000391_jpg.rf.5223fbe9105ad8f3923c2815ff12ae62.txt,4,0.515625,0.52578125,0.553125,0.69453125
00000391_jpg.rf.f2c4857f67347252162fadc84d2d11ed.txt,0,0.42578125,0.57421875,0.62578125,0.7234375
00000392_jpg.rf.47dd4eb76127fc6d8b0217464cda50bb.txt,0,0.47265625,0.70859375,0.67421875,0.40390625
00000392_jpg.rf.7863fa77933d1881fe6239f07c62f28c.txt,1,0.4890625,0.5,0.47578125,0.778125
00000392_jpg.rf.7863fa77933d1881fe6239f07c62f28c.txt,1,0.34453125,0.24921875,0.17265625,0.2765625
00000392_jpg.rf.7863fa77933d1881fe6239f07c62f28c.txt,1,0.62734375,0.26484375,0.16953125,0.27109375
00000393_jpg.rf.a5bcdec8ecdfba8ac6f83b10e8aa2042.txt,0,0.45234375,0.51875,0.58515625,0.7390625
00000393_jpg.rf.b492f810394733dd1e9ffebf95470ae6.txt,4,0.49453125,0.50078125,0.7125,0.9921875
00000394_jpg.rf.44753dd03cfef8938b9dcc631c58f903.txt,0,0.4984375,0.51953125,0.98203125,0.8
00000395_jpg.rf.ad8591c89270da3c5dd024ca1d41126d.txt,1,0.49609375,0.49453125,0.7640625,0.98046875
00000395_jpg.rf.ad8591c89270da3c5dd024ca1d41126d.txt,1,0.1828125,0.93671875,0.1421875,0.090625
00000395_jpg.rf.ad8591c89270da3c5dd024ca1d41126d.txt,1,0.328125,0.15703125,0.2078125,0.3125
00000395_jpg.rf.ad8591c89270da3c5dd024ca1d41126d.txt,1,0.68671875,0.1734375,0.1875,0.30546875
00000395_jpg.rf.dd9d1b2a258ec3d0441147515f683338.txt,4,0.48828125,0.478125,0.74765625,0.83359375
00000395_png.rf.c76328e392e83cde785033eaba39d806.txt,2,0.5046875,0.40234375,0.903125,0.7
00000396_jpg.rf.090bd202a7368f688831f5a6dfe17162.txt,2,0.4359375,0.5875,0.365625,0.596875
00000396_jpg.rf.52f529750d4be9d6239fb7f215ce93d7.txt,4,0.4390625,0.66875,0.42890625,0.65703125
00000397_jpg.rf.3eb94ec4f146a37403e520ec69689616.txt,2,0.4875,0.634375,0.75,0.55859375
00000397_jpg.rf.7cd127afaa3f96664a9d8c90b23ce426.txt,4,0.50078125,0.440625,0.96640625,0.771875
00000397_jpg.rf.e85752b8a9a1c5b5138ad54735d79afd.txt,1,0.5015625,0.50625,0.7859375,0.921875
00000397_jpg.rf.e85752b8a9a1c5b5138ad54735d79afd.txt,1,0.8046875,0.92734375,0.1796875,0.0890625
00000397_jpg.rf.e85752b8a9a1c5b5138ad54735d79afd.txt,1,0.20078125,0.92109375,0.1796875,0.07578125
00000398_jpg.rf.cc25a4c099271efff137d0e1f7eb01df.txt,2,0.5203125,0.47421875,0.87578125,0.8640625
00000399_jpg.rf.b4473ffbbbf433b539fedda0c8a7bc81.txt,2,0.53125,0.5671875,0.83984375,0.5875
00000400_jpg.rf.ab508ea2330797bf7b69ff04e299a50b.txt,1,0.50390625,0.54453125,0.603125,0.6671875
00000401_jpg.rf.fd9a93ab736d4891e2c15a362331d37e.txt,1,0.4625,0.5171875,0.5296875,0.41171875
00000402_jpg.rf.f31d9e4b9a471397955052bbd1ad8469.txt,2,0.58984375,0.4546875,0.55390625,0.88046875
00000403_jpg.rf.5405e70a956be3fc18ca7fd86b46b623.txt,0,0.575,0.540625,0.7859375,0.721875
00000403_jpg.rf.9b307f17ee7e86d76a58eb71385af3d8.txt,2,0.55625,0.390625,0.615625,0.75
00000404_jpg.rf.2e3e859b8a379121ced6122004ce8f63.txt,0,0.49375,0.4875,0.8,0.76484375
00000404_jpg.rf.9c86b2149b5d11db95fae05cd1eb152d.txt,2,0.42265625,0.421875,0.765625,0.76640625
00000404_jpg.rf.9c86b2149b5d11db95fae05cd1eb152d.txt,2,0.7375,0.18671875,0.1328125,0.22109375
00000406_jpg.rf.1b9c07149cc619845d2965c5ee4c2758.txt,0,0.49140625,0.59609375,0.71953125,0.64609375
00000406_jpg.rf.3baffd3d41a70dae0e6c26df07471829.txt,2,0.5375,0.590625,0.55859375,0.39140625
00000408_jpg.rf.74952f8f9e7e536f250e3473c7ba81d2.txt,4,0.528125,0.5359375,0.80859375,0.63125
00000408_jpg.rf.9aa0039ed5cd11e1c247fe4c057405c3.txt,0,0.49609375,0.6953125,0.49765625,0.4921875
00000410_jpg.rf.7e6afcc93f92d716c9a8f0804b1f054a.txt,4,0.4859375,0.475,0.69609375,0.703125
00000410_jpg.rf.f1a3207fe8b94fd98b92ed77414fb68b.txt,2,0.45859375,0.4640625,0.58984375,0.653125
00000412_jpg.rf.1403a8cea5943fc721fa896fa060d5f8.txt,0,0.47265625,0.3703125,0.8625,0.678125
00000412_jpg.rf.ccf57e3802efa416307c777a6290f28f.txt,2,0.496875,0.5859375,0.80703125,0.3546875
00000412_jpg.rf.d968a96df163f29f6238103df5e9eca4.txt,4,0.5265625,0.4984375,0.6171875,0.75703125
00000413_jpg.rf.ca540f1046cddd285412264e51c3c02a.txt,2,0.4890625,0.509375,0.85078125,0.65390625
00000414_jpg.rf.2642047f0b770dd83e88d6c9acc4c9cf.txt,0,0.5796875,0.45625,0.6890625,0.5765625
00000414_jpg.rf.6c23f17c5e4d83dfe0ce0dcd78a92629.txt,4,0.6359375,0.51328125,0.58515625,0.66875
00000414_jpg.rf.b0f22f7666deeb2897a40ba6906925d7.txt,2,0.64453125,0.4984375,0.65625,0.9890625
00000415_jpg.rf.2f0a59d151053ffbb51b20270f1a48bb.txt,0,0.4921875,0.5125,0.95625,0.85546875
00000415_jpg.rf.ae9369e613c8379b3e8d71c1a0a18fdc.txt,2,0.5,0.4328125,0.91875,0.66015625
00000416_jpg.rf.161c27d4d5c56f487a1486de4b5a8d6e.txt,0,0.45703125,0.515625,0.7953125,0.87734375
00000417_jpg.rf.f539418fa211d1ec35b8d3f71d16feaa.txt,2,0.47734375,0.5421875,0.9015625,0.68515625
00000418_jpg.rf.9502570671ef5b23dbf08b96919a9ac1.txt,2,0.49921875,0.56328125,0.86796875,0.47734375
00000418_jpg.rf.cc6a00f6ff462eb70e72db7c4d0fa43f.txt,4,0.50078125,0.503125,0.9734375,0.878125
00000419_jpg.rf.0d0ee59e05b390150f2f58f8be649a4f.txt,4,0.5015625,0.52734375,0.71328125,0.82421875
00000419_jpg.rf.44d276cb46219c8ab7b6c24ee8bff953.txt,0,0.4328125,0.56875,0.60078125,0.45390625
00000419_jpg.rf.6dcedf0b8a2031190f5e5df5680edc8d.txt,2,0.5,0.56640625,0.8890625,0.65859375
00000420_jpg.rf.5c9f8ce8f7493e28e0bce2e925e127ee.txt,0,0.43515625,0.484375,0.7125,0.84765625
00000420_jpg.rf.8f901f36dfaf59d87908d55b9f333654.txt,2,0.43203125,0.44921875,0.65,0.503125
00000420_jpg.rf.92591d533a96752a60046a6b167e3be4.txt,4,0.4953125,0.4640625,0.89296875,0.85703125
00000421_jpg.rf.ccfa9a5e2b8bd50ad349d75b31bf8301.txt,4,0.4265625,0.446875,0.5328125,0.80625
00000422_jpg.rf.3520cff55557c706328e0f9a6b89bd2d.txt,0,0.440625,0.484375,0.69375,0.646875
00000423_jpg.rf.75717e1541b40e60bdfeffa8cc7a6f02.txt,0,0.51015625,0.51796875,0.771875,0.72421875
00000423_jpg.rf.915b1c7af2a7391bbdb408313ab512a8.txt,2,0.36015625,0.57578125,0.5484375,0.8140625
00000423_jpg.rf.bd25a4b7fc7491821046ea84cf813b39.txt,4,0.6765625,0.5328125,0.6421875,0.925
00000425_jpg.rf.7eccf2a0169cf656b88fd02784a27a1c.txt,4,0.590625,0.57578125,0.678125,0.8484375
00000426_jpg.rf.29561d4eeaa44e6557286c5d42412137.txt,0,0.50703125,0.55078125,0.9828125,0.83828125
00000426_jpg.rf.5963b2f8a874ee4e2c6457bd29b950f4.txt,2,0.45390625,0.5796875,0.7078125,0.5421875
00000426_jpg.rf.8dc2c604e7a3a9641756a7f322fc723d.txt,4,0.52421875,0.46953125,0.84296875,0.771875
00000427_jpg.rf.3ef73c281c41a39bee8f85b3f80f52d0.txt,4,0.50234375,0.50234375,0.421875,0.96328125
00000427_jpg.rf.c86328f73152603b7f83b9979a1abdf7.txt,0,0.440625,0.5421875,0.85546875,0.75234375
00000428_jpg.rf.c2248a03382058aae6ae1e8cd8ef2d7a.txt,4,0.53515625,0.4859375,0.79609375,0.89453125
00000429_jpg.rf.82740aa6540bb9efe76ffcd21331b382.txt,2,0.46953125,0.55625,0.8984375,0.48203125
00000429_jpg.rf.82740aa6540bb9efe76ffcd21331b382.txt,2,0.7890625,0.44453125,0.15,0.25546875
00000429_jpg.rf.d77c2c384e6c5e70cde2f7fa2fd7f75e.txt,4,0.42890625,0.58203125,0.46328125,0.8296875
00000430_jpg.rf.7f7f4c2864daadded28af6069e6b5f84.txt,2,0.52265625,0.5015625,0.5453125,0.928125
00000430_jpg.rf.990e2b5615a426da2aea1c7e83605a4f.txt,4,0.3375,0.51796875,0.67265625,0.95546875
00000431_jpg.rf.d1d43ca81a5d5f6dd13815dfea354348.txt,4,0.50234375,0.59609375,0.45625,0.69140625
00000434_jpg.rf.bf227b6999330d72dcddf81cdc758671.txt,4,0.609375,0.615625,0.4265625,0.53515625
00000435_JPG.rf.92e88bf86fa466b127b41befd58174e8.txt,2,0.52421875,0.55,0.865625,0.76953125
00000436_jpg.rf.eede793962c54456e596656711623a24.txt,4,0.45234375,0.67890625,0.5578125,0.37578125
00000437_jpg.rf.51af500fe671a0c96fc636d000892d26.txt,4,0.5,0.50859375,0.76171875,0.875
00000438_jpg.rf.e1ae9f2cb25efeb880eef53d1baf9b76.txt,4,0.35859375,0.70625,0.478125,0.434375
00000440_jpg.rf.185b4bf3662aa2092af86c315c5ea41f.txt,2,0.53046875,0.640625,0.74140625,0.56875
File10_jpg.rf.9ddf4b50eaa5799be41552f6637d517c.txt,3,0.4765625,0.5015625,0.5125,0.9328125
File12_jpg.rf.9667f0ecce81242362a63b66063254e9.txt,3,0.56953125,0.5125,0.44921875,0.9359375
File13_jpg.rf.d5419e76bf77ae5c228bc6ce94f061b7.txt,3,0.4390625,0.47421875,0.4453125,0.91328125
File14_jpg.rf.ff04ccb9f58509ed84dd369d211de8fc.txt,3,0.5171875,0.49921875,0.2,0.97734375
File18_jpg.rf.5845727fa1d57e71fe86b77f2e72b4ed.txt,3,0.48515625,0.50234375,0.66328125,0.971875
File25_jpg.rf.a53e534cae7d28dbd4d9a5232a2fb2b3.txt,3,0.4890625,0.50078125,0.378125,0.946875
File31_jpg.rf.e18b6ccc63da8d268f6123759cd82900.txt,3,0.36328125,0.53046875,0.47890625,0.93203125
File36_jpg.rf.18da214522ca5c1ec9f3af3ecf0c17d7.txt,3,0.4765625,0.49609375,0.2515625,0.9390625
File38_jpg.rf.4b40b617982c4a57963c5e3e3eed12c4.txt,3,0.76328125,0.546875,0.20234375,0.78359375
File40_jpg.rf.82a0922fb8821e8231a84ca64b7dacbb.txt,3,0.46875,0.49921875,0.63359375,0.9984375
File41_jpg.rf.658c8208d3d92fd3e871fb55b9c3a5f7.txt,3,0.3625,0.48828125,0.1703125,0.7828125
File42_jpg.rf.0f73957d607955ad7ce54416af35e5eb.txt,3,0.440625,0.50234375,0.521875,0.9828125
File45_jpg.rf.2e00866ab9fd4275132a67db1e35bf22.txt,3,0.440625,0.5875,0.34140625,0.75625
File49_jpg.rf.e3ac44e02ac630a302fbd9bbb4c5f8c0.txt,3,0.4921875,0.5,0.29453125,0.9734375
File55_jpg.rf.35ceb5c95c46580a8e09eb7f9dad5741.txt,3,0.43828125,0.47890625,0.309375,0.64296875
File66_jpg.rf.94c028feb24162fe6f71f09cf5df5813.txt,3,0.534375,0.49609375,0.37734375,0.86875
File71_jpg.rf.4412163dabb4e2955b5d8c07a0495ca3.txt,3,0.54609375,0.5,0.39375,0.88984375
File72_jpg.rf.5337700d9911738e2f92167b0ffa9696.txt,3,0.528125,0.50390625,0.340625,0.9828125
File81_jpg.rf.5cfe65d44c41436cdcd0425d0dae4136.txt,3,0.53515625,0.50390625,0.603125,0.94765625
File83_jpg.rf.4552acb64738be25ef8ea0b1aaec05ac.txt,3,0.45390625,0.49296875,0.225,0.9609375
File84_jpg.rf.e4ce03ffba72e99789aab898aa9f41a4.txt,3,0.5890625,0.4875,0.2265625,0.884375
